date,grsr,keyword,geo,time,gprop,category,period,weight,grsr_n,mx,categories,categories2,selected,pts1a,pts2,days1a,days2,grp,post1a,post2
2019-01-06,65,phk buruh+phk karyawan+phk corona,ID,2019-01-01 2019-10-31,web,0,2019,0.507035740663434,48.303843807199506,68.22919367383977,PHK,PHK,1,17972,18049,-10,-21,0,0,0
2019-01-13,40,phk buruh+phk karyawan+phk corona,ID,2019-01-01 2019-10-31,web,0,2019,0.507035740663434,29.72544234289201,68.22919367383977,PHK,PHK,1,17972,18049,-9,-20,0,0,0
2019-01-20,65,phk buruh+phk karyawan+phk corona,ID,2019-01-01 2019-10-31,web,0,2019,0.507035740663434,48.303843807199506,68.22919367383977,PHK,PHK,1,17972,18049,-8,-19,0,0,0
2019-01-27,56,phk buruh+phk karyawan+phk corona,ID,2019-01-01 2019-10-31,web,0,2019,0.507035740663434,41.61561928004881,68.22919367383977,PHK,PHK,1,17972,18049,-7,-18,0,0,0
2019-02-03,40,phk buruh+phk karyawan+phk corona,ID,2019-01-01 2019-10-31,web,0,2019,0.507035740663434,29.72544234289201,68.22919367383977,PHK,PHK,1,17972,18049,-6,-17,0,0,0
2019-02-10,23,phk buruh+phk karyawan+phk corona,ID,2019-01-01 2019-10-31,web,0,2019,0.507035740663434,17.092129347162903,68.22919367383977,PHK,PHK,1,17972,18049,-5,-16,0,0,0
2019-02-17,15,phk buruh+phk karyawan+phk corona,ID,2019-01-01 2019-10-31,web,0,2019,0.507035740663434,11.147040878584502,68.22919367383977,PHK,PHK,1,17972,18049,-4,-15,0,0,0
2019-02-24,16,phk buruh+phk karyawan+phk corona,ID,2019-01-01 2019-10-31,web,0,2019,0.507035740663434,11.890176937156802,68.22919367383977,PHK,PHK,1,17972,18049,-3,-14,0,0,0
2019-03-03,32,phk buruh+phk karyawan+phk corona,ID,2019-01-01 2019-10-31,web,0,2019,0.507035740663434,23.780353874313604,68.22919367383977,PHK,PHK,1,17972,18049,-2,-13,0,0,0
2019-03-10,16,phk buruh+phk karyawan+phk corona,ID,2019-01-01 2019-10-31,web,0,2019,0.507035740663434,11.890176937156802,68.22919367383977,PHK,PHK,1,17972,18049,-1,-12,0,0,0
2019-03-17,39,phk buruh+phk karyawan+phk corona,ID,2019-01-01 2019-10-31,web,0,2019,0.507035740663434,28.982306284319705,68.22919367383977,PHK,PHK,1,17972,18049,0,-11,0,0,0
2019-03-24,31,phk buruh+phk karyawan+phk corona,ID,2019-01-01 2019-10-31,web,0,2019,0.507035740663434,23.037217815741304,68.22919367383977,PHK,PHK,1,17972,18049,1,-10,0,1,0
2019-03-31,25,phk buruh+phk karyawan+phk corona,ID,2019-01-01 2019-10-31,web,0,2019,0.507035740663434,18.578401464307504,68.22919367383977,PHK,PHK,1,17972,18049,2,-9,0,1,0
2019-04-07,48,phk buruh+phk karyawan+phk corona,ID,2019-01-01 2019-10-31,web,0,2019,0.507035740663434,35.67053081147041,68.22919367383977,PHK,PHK,1,17972,18049,3,-8,0,1,0
2019-04-14,16,phk buruh+phk karyawan+phk corona,ID,2019-01-01 2019-10-31,web,0,2019,0.507035740663434,11.890176937156802,68.22919367383977,PHK,PHK,1,17972,18049,4,-7,0,1,0
2019-04-21,0,phk buruh+phk karyawan+phk corona,ID,2019-01-01 2019-10-31,web,0,2019,0.507035740663434,0,68.22919367383977,PHK,PHK,1,17972,18049,5,-6,0,1,0
2019-04-28,41,phk buruh+phk karyawan+phk corona,ID,2019-01-01 2019-10-31,web,0,2019,0.507035740663434,30.468578401464303,68.22919367383977,PHK,PHK,1,17972,18049,6,-5,0,1,0
2019-05-05,24,phk buruh+phk karyawan+phk corona,ID,2019-01-01 2019-10-31,web,0,2019,0.507035740663434,17.835265405735203,68.22919367383977,PHK,PHK,1,17972,18049,7,-4,0,1,0
2019-05-12,31,phk buruh+phk karyawan+phk corona,ID,2019-01-01 2019-10-31,web,0,2019,0.507035740663434,23.037217815741304,68.22919367383977,PHK,PHK,1,17972,18049,8,-3,0,1,0
2019-05-19,47,phk buruh+phk karyawan+phk corona,ID,2019-01-01 2019-10-31,web,0,2019,0.507035740663434,34.9273947528981,68.22919367383977,PHK,PHK,1,17972,18049,9,-2,0,1,0
2019-05-26,8,phk buruh+phk karyawan+phk corona,ID,2019-01-01 2019-10-31,web,0,2019,0.507035740663434,5.945088468578401,68.22919367383977,PHK,PHK,1,17972,18049,10,-1,0,1,0
2019-06-02,10,phk buruh+phk karyawan+phk corona,ID,2019-01-01 2019-10-31,web,0,2019,0.507035740663434,7.431360585723001,68.22919367383977,PHK,PHK,1,17972,18049,11,0,0,1,0
2019-06-09,48,phk buruh+phk karyawan+phk corona,ID,2019-01-01 2019-10-31,web,0,2019,0.507035740663434,35.67053081147041,68.22919367383977,PHK,PHK,1,17972,18049,12,1,0,1,1
2019-06-16,16,phk buruh+phk karyawan+phk corona,ID,2019-01-01 2019-10-31,web,0,2019,0.507035740663434,11.890176937156802,68.22919367383977,PHK,PHK,1,17972,18049,13,2,0,1,1
2019-06-23,76,phk buruh+phk karyawan+phk corona,ID,2019-01-01 2019-10-31,web,0,2019,0.507035740663434,56.478340451494816,68.22919367383977,PHK,PHK,1,17972,18049,14,3,0,1,1
2019-06-30,62,phk buruh+phk karyawan+phk corona,ID,2019-01-01 2019-10-31,web,0,2019,0.507035740663434,46.07443563148261,68.22919367383977,PHK,PHK,1,17972,18049,15,4,0,1,1
2019-07-07,86,phk buruh+phk karyawan+phk corona,ID,2019-01-01 2019-10-31,web,0,2019,0.507035740663434,63.9097010372178,68.22919367383977,PHK,PHK,1,17972,18049,16,5,0,1,1
2019-07-14,47,phk buruh+phk karyawan+phk corona,ID,2019-01-01 2019-10-31,web,0,2019,0.507035740663434,34.9273947528981,68.22919367383977,PHK,PHK,1,17972,18049,17,6,0,1,1
2019-07-21,38,phk buruh+phk karyawan+phk corona,ID,2019-01-01 2019-10-31,web,0,2019,0.507035740663434,28.239170225747408,68.22919367383977,PHK,PHK,1,17972,18049,18,7,0,1,1
2019-07-28,22,phk buruh+phk karyawan+phk corona,ID,2019-01-01 2019-10-31,web,0,2019,0.507035740663434,16.348993288590606,68.22919367383977,PHK,PHK,1,17972,18049,19,8,0,1,1
2019-08-04,23,phk buruh+phk karyawan+phk corona,ID,2019-01-01 2019-10-31,web,0,2019,0.507035740663434,17.092129347162903,68.22919367383977,PHK,PHK,1,17972,18049,20,9,0,1,1
2019-08-11,39,phk buruh+phk karyawan+phk corona,ID,2019-01-01 2019-10-31,web,0,2019,0.507035740663434,28.982306284319705,68.22919367383977,PHK,PHK,1,17972,18049,21,10,0,1,1
2019-08-18,38,phk buruh+phk karyawan+phk corona,ID,2019-01-01 2019-10-31,web,0,2019,0.507035740663434,28.239170225747408,68.22919367383977,PHK,PHK,1,17972,18049,22,11,0,1,1
2019-08-25,52,phk buruh+phk karyawan+phk corona,ID,2019-01-01 2019-10-31,web,0,2019,0.507035740663434,38.64307504575961,68.22919367383977,PHK,PHK,1,17972,18049,23,12,0,1,1
2019-09-01,15,phk buruh+phk karyawan+phk corona,ID,2019-01-01 2019-10-31,web,0,2019,0.507035740663434,11.147040878584502,68.22919367383977,PHK,PHK,1,17972,18049,24,13,0,1,1
2019-09-08,100,phk buruh+phk karyawan+phk corona,ID,2019-01-01 2019-10-31,web,0,2019,0.507035740663434,74.31360585723002,68.22919367383977,PHK,PHK,1,17972,18049,25,14,0,1,1
2019-09-15,43,phk buruh+phk karyawan+phk corona,ID,2019-01-01 2019-10-31,web,0,2019,0.507035740663434,31.9548505186089,68.22919367383977,PHK,PHK,1,17972,18049,26,15,0,1,1
2019-09-22,36,phk buruh+phk karyawan+phk corona,ID,2019-01-01 2019-10-31,web,0,2019,0.507035740663434,26.752898108602803,68.22919367383977,PHK,PHK,1,17972,18049,27,16,0,1,1
2019-09-29,29,phk buruh+phk karyawan+phk corona,ID,2019-01-01 2019-10-31,web,0,2019,0.507035740663434,21.550945698596703,68.22919367383977,PHK,PHK,1,17972,18049,28,17,0,1,1
2019-10-06,29,phk buruh+phk karyawan+phk corona,ID,2019-01-01 2019-10-31,web,0,2019,0.507035740663434,21.550945698596703,68.22919367383977,PHK,PHK,1,17972,18049,29,18,0,1,1
2019-10-13,51,phk buruh+phk karyawan+phk corona,ID,2019-01-01 2019-10-31,web,0,2019,0.507035740663434,37.89993898718731,68.22919367383977,PHK,PHK,1,17972,18049,30,19,0,1,1
2019-10-20,50,phk buruh+phk karyawan+phk corona,ID,2019-01-01 2019-10-31,web,0,2019,0.507035740663434,37.15680292861501,68.22919367383977,PHK,PHK,1,17972,18049,31,20,0,1,1
2019-10-27,51,phk buruh+phk karyawan+phk corona,ID,2019-01-01 2019-10-31,web,0,2019,0.507035740663434,37.89993898718731,68.22919367383977,PHK,PHK,1,17972,18049,32,21,0,1,1
2019-01-06,91,jobstreet lowongan+olx lowongan,ID,2019-01-01 2019-10-31,web,0,2019,1.051770265635123,86.02498189717596,111.2596504666492,Situs loker,Mencari pekerjaan/menyiapkan usaha,1,17972,18049,-10,-21,0,0,0
2019-01-13,88,jobstreet lowongan+olx lowongan,ID,2019-01-01 2019-10-31,web,0,2019,1.051770265635123,83.18899348298334,111.2596504666492,Situs loker,Mencari pekerjaan/menyiapkan usaha,1,17972,18049,-9,-20,0,0,0
2019-01-20,70,jobstreet lowongan+olx lowongan,ID,2019-01-01 2019-10-31,web,0,2019,1.051770265635123,66.17306299782764,111.2596504666492,Situs loker,Mencari pekerjaan/menyiapkan usaha,1,17972,18049,-8,-19,0,0,0
2019-01-27,69,jobstreet lowongan+olx lowongan,ID,2019-01-01 2019-10-31,web,0,2019,1.051770265635123,65.22773352643011,111.2596504666492,Situs loker,Mencari pekerjaan/menyiapkan usaha,1,17972,18049,-7,-18,0,0,0
2019-02-03,70,jobstreet lowongan+olx lowongan,ID,2019-01-01 2019-10-31,web,0,2019,1.051770265635123,66.17306299782764,111.2596504666492,Situs loker,Mencari pekerjaan/menyiapkan usaha,1,17972,18049,-6,-17,0,0,0
2019-02-10,69,jobstreet lowongan+olx lowongan,ID,2019-01-01 2019-10-31,web,0,2019,1.051770265635123,65.22773352643011,111.2596504666492,Situs loker,Mencari pekerjaan/menyiapkan usaha,1,17972,18049,-5,-16,0,0,0
2019-02-17,65,jobstreet lowongan+olx lowongan,ID,2019-01-01 2019-10-31,web,0,2019,1.051770265635123,61.446415640839966,111.2596504666492,Situs loker,Mencari pekerjaan/menyiapkan usaha,1,17972,18049,-4,-15,0,0,0
2019-02-24,60,jobstreet lowongan+olx lowongan,ID,2019-01-01 2019-10-31,web,0,2019,1.051770265635123,56.71976828385227,111.2596504666492,Situs loker,Mencari pekerjaan/menyiapkan usaha,1,17972,18049,-3,-14,0,0,0
2019-03-03,54,jobstreet lowongan+olx lowongan,ID,2019-01-01 2019-10-31,web,0,2019,1.051770265635123,51.04779145546704,111.2596504666492,Situs loker,Mencari pekerjaan/menyiapkan usaha,1,17972,18049,-2,-13,0,0,0
2019-03-10,63,jobstreet lowongan+olx lowongan,ID,2019-01-01 2019-10-31,web,0,2019,1.051770265635123,59.55575669804488,111.2596504666492,Situs loker,Mencari pekerjaan/menyiapkan usaha,1,17972,18049,-1,-12,0,0,0
2019-03-17,60,jobstreet lowongan+olx lowongan,ID,2019-01-01 2019-10-31,web,0,2019,1.051770265635123,56.71976828385227,111.2596504666492,Situs loker,Mencari pekerjaan/menyiapkan usaha,1,17972,18049,0,-11,0,0,0
2019-03-24,43,jobstreet lowongan+olx lowongan,ID,2019-01-01 2019-10-31,web,0,2019,1.051770265635123,40.649167270094125,111.2596504666492,Situs loker,Mencari pekerjaan/menyiapkan usaha,1,17972,18049,1,-10,0,1,0
2019-03-31,68,jobstreet lowongan+olx lowongan,ID,2019-01-01 2019-10-31,web,0,2019,1.051770265635123,64.28240405503259,111.2596504666492,Situs loker,Mencari pekerjaan/menyiapkan usaha,1,17972,18049,2,-9,0,1,0
2019-04-07,72,jobstreet lowongan+olx lowongan,ID,2019-01-01 2019-10-31,web,0,2019,1.051770265635123,68.06372194062274,111.2596504666492,Situs loker,Mencari pekerjaan/menyiapkan usaha,1,17972,18049,3,-8,0,1,0
2019-04-14,44,jobstreet lowongan+olx lowongan,ID,2019-01-01 2019-10-31,web,0,2019,1.051770265635123,41.59449674149167,111.2596504666492,Situs loker,Mencari pekerjaan/menyiapkan usaha,1,17972,18049,4,-7,0,1,0
2019-04-21,54,jobstreet lowongan+olx lowongan,ID,2019-01-01 2019-10-31,web,0,2019,1.051770265635123,51.04779145546704,111.2596504666492,Situs loker,Mencari pekerjaan/menyiapkan usaha,1,17972,18049,5,-6,0,1,0
2019-04-28,50,jobstreet lowongan+olx lowongan,ID,2019-01-01 2019-10-31,web,0,2019,1.051770265635123,47.2664735698769,111.2596504666492,Situs loker,Mencari pekerjaan/menyiapkan usaha,1,17972,18049,6,-5,0,1,0
2019-05-05,50,jobstreet lowongan+olx lowongan,ID,2019-01-01 2019-10-31,web,0,2019,1.051770265635123,47.2664735698769,111.2596504666492,Situs loker,Mencari pekerjaan/menyiapkan usaha,1,17972,18049,7,-4,0,1,0
2019-05-12,55,jobstreet lowongan+olx lowongan,ID,2019-01-01 2019-10-31,web,0,2019,1.051770265635123,51.99312092686459,111.2596504666492,Situs loker,Mencari pekerjaan/menyiapkan usaha,1,17972,18049,8,-3,0,1,0
2019-05-19,44,jobstreet lowongan+olx lowongan,ID,2019-01-01 2019-10-31,web,0,2019,1.051770265635123,41.59449674149167,111.2596504666492,Situs loker,Mencari pekerjaan/menyiapkan usaha,1,17972,18049,9,-2,0,1,0
2019-05-26,27,jobstreet lowongan+olx lowongan,ID,2019-01-01 2019-10-31,web,0,2019,1.051770265635123,25.52389572773352,111.2596504666492,Situs loker,Mencari pekerjaan/menyiapkan usaha,1,17972,18049,10,-1,0,1,0
2019-06-02,38,jobstreet lowongan+olx lowongan,ID,2019-01-01 2019-10-31,web,0,2019,1.051770265635123,35.922519913106434,111.2596504666492,Situs loker,Mencari pekerjaan/menyiapkan usaha,1,17972,18049,11,0,0,1,0
2019-06-09,79,jobstreet lowongan+olx lowongan,ID,2019-01-01 2019-10-31,web,0,2019,1.051770265635123,74.6810282404055,111.2596504666492,Situs loker,Mencari pekerjaan/menyiapkan usaha,1,17972,18049,12,1,0,1,1
2019-06-16,100,jobstreet lowongan+olx lowongan,ID,2019-01-01 2019-10-31,web,0,2019,1.051770265635123,94.5329471397538,111.2596504666492,Situs loker,Mencari pekerjaan/menyiapkan usaha,1,17972,18049,13,2,0,1,1
2019-06-23,75,jobstreet lowongan+olx lowongan,ID,2019-01-01 2019-10-31,web,0,2019,1.051770265635123,70.89971035481535,111.2596504666492,Situs loker,Mencari pekerjaan/menyiapkan usaha,1,17972,18049,14,3,0,1,1
2019-06-30,85,jobstreet lowongan+olx lowongan,ID,2019-01-01 2019-10-31,web,0,2019,1.051770265635123,80.35300506879072,111.2596504666492,Situs loker,Mencari pekerjaan/menyiapkan usaha,1,17972,18049,15,4,0,1,1
2019-07-07,84,jobstreet lowongan+olx lowongan,ID,2019-01-01 2019-10-31,web,0,2019,1.051770265635123,79.4076755973932,111.2596504666492,Situs loker,Mencari pekerjaan/menyiapkan usaha,1,17972,18049,16,5,0,1,1
2019-07-14,77,jobstreet lowongan+olx lowongan,ID,2019-01-01 2019-10-31,web,0,2019,1.051770265635123,72.79036929761041,111.2596504666492,Situs loker,Mencari pekerjaan/menyiapkan usaha,1,17972,18049,17,6,0,1,1
2019-07-21,62,jobstreet lowongan+olx lowongan,ID,2019-01-01 2019-10-31,web,0,2019,1.051770265635123,58.61042722664735,111.2596504666492,Situs loker,Mencari pekerjaan/menyiapkan usaha,1,17972,18049,18,7,0,1,1
2019-07-28,60,jobstreet lowongan+olx lowongan,ID,2019-01-01 2019-10-31,web,0,2019,1.051770265635123,56.71976828385227,111.2596504666492,Situs loker,Mencari pekerjaan/menyiapkan usaha,1,17972,18049,19,8,0,1,1
2019-08-04,60,jobstreet lowongan+olx lowongan,ID,2019-01-01 2019-10-31,web,0,2019,1.051770265635123,56.71976828385227,111.2596504666492,Situs loker,Mencari pekerjaan/menyiapkan usaha,1,17972,18049,20,9,0,1,1
2019-08-11,61,jobstreet lowongan+olx lowongan,ID,2019-01-01 2019-10-31,web,0,2019,1.051770265635123,57.66509775524982,111.2596504666492,Situs loker,Mencari pekerjaan/menyiapkan usaha,1,17972,18049,21,10,0,1,1
2019-08-18,80,jobstreet lowongan+olx lowongan,ID,2019-01-01 2019-10-31,web,0,2019,1.051770265635123,75.62635771180302,111.2596504666492,Situs loker,Mencari pekerjaan/menyiapkan usaha,1,17972,18049,22,11,0,1,1
2019-08-25,63,jobstreet lowongan+olx lowongan,ID,2019-01-01 2019-10-31,web,0,2019,1.051770265635123,59.55575669804488,111.2596504666492,Situs loker,Mencari pekerjaan/menyiapkan usaha,1,17972,18049,23,12,0,1,1
2019-09-01,65,jobstreet lowongan+olx lowongan,ID,2019-01-01 2019-10-31,web,0,2019,1.051770265635123,61.446415640839966,111.2596504666492,Situs loker,Mencari pekerjaan/menyiapkan usaha,1,17972,18049,24,13,0,1,1
2019-09-08,55,jobstreet lowongan+olx lowongan,ID,2019-01-01 2019-10-31,web,0,2019,1.051770265635123,51.99312092686459,111.2596504666492,Situs loker,Mencari pekerjaan/menyiapkan usaha,1,17972,18049,25,14,0,1,1
2019-09-15,69,jobstreet lowongan+olx lowongan,ID,2019-01-01 2019-10-31,web,0,2019,1.051770265635123,65.22773352643011,111.2596504666492,Situs loker,Mencari pekerjaan/menyiapkan usaha,1,17972,18049,26,15,0,1,1
2019-09-22,67,jobstreet lowongan+olx lowongan,ID,2019-01-01 2019-10-31,web,0,2019,1.051770265635123,63.33707458363504,111.2596504666492,Situs loker,Mencari pekerjaan/menyiapkan usaha,1,17972,18049,27,16,0,1,1
2019-09-29,54,jobstreet lowongan+olx lowongan,ID,2019-01-01 2019-10-31,web,0,2019,1.051770265635123,51.04779145546704,111.2596504666492,Situs loker,Mencari pekerjaan/menyiapkan usaha,1,17972,18049,28,17,0,1,1
2019-10-06,55,jobstreet lowongan+olx lowongan,ID,2019-01-01 2019-10-31,web,0,2019,1.051770265635123,51.99312092686459,111.2596504666492,Situs loker,Mencari pekerjaan/menyiapkan usaha,1,17972,18049,29,18,0,1,1
2019-10-13,71,jobstreet lowongan+olx lowongan,ID,2019-01-01 2019-10-31,web,0,2019,1.051770265635123,67.1183924692252,111.2596504666492,Situs loker,Mencari pekerjaan/menyiapkan usaha,1,17972,18049,30,19,0,1,1
2019-10-20,73,jobstreet lowongan+olx lowongan,ID,2019-01-01 2019-10-31,web,0,2019,1.051770265635123,69.00905141202026,111.2596504666492,Situs loker,Mencari pekerjaan/menyiapkan usaha,1,17972,18049,31,20,0,1,1
2019-10-27,63,jobstreet lowongan+olx lowongan,ID,2019-01-01 2019-10-31,web,0,2019,1.051770265635123,59.55575669804488,111.2596504666492,Situs loker,Mencari pekerjaan/menyiapkan usaha,1,17972,18049,32,21,0,1,1
2019-01-06,51,lowongan kurir+lowongan kerja kurir,ID,2019-01-01 2019-10-31,web,0,2019,0.8490167484201688,48.837531486146105,88.66102125106717,Kurir,Mencari pekerjaan/menyiapkan usaha,1,17972,18049,-10,-21,0,0,0
2019-01-13,69,lowongan kurir+lowongan kerja kurir,ID,2019-01-01 2019-10-31,web,0,2019,0.8490167484201688,66.07430730478589,88.66102125106717,Kurir,Mencari pekerjaan/menyiapkan usaha,1,17972,18049,-9,-20,0,0,0
2019-01-20,51,lowongan kurir+lowongan kerja kurir,ID,2019-01-01 2019-10-31,web,0,2019,0.8490167484201688,48.837531486146105,88.66102125106717,Kurir,Mencari pekerjaan/menyiapkan usaha,1,17972,18049,-8,-19,0,0,0
2019-01-27,73,lowongan kurir+lowongan kerja kurir,ID,2019-01-01 2019-10-31,web,0,2019,0.8490167484201688,69.9047019311503,88.66102125106717,Kurir,Mencari pekerjaan/menyiapkan usaha,1,17972,18049,-7,-18,0,0,0
2019-02-03,51,lowongan kurir+lowongan kerja kurir,ID,2019-01-01 2019-10-31,web,0,2019,0.8490167484201688,48.837531486146105,88.66102125106717,Kurir,Mencari pekerjaan/menyiapkan usaha,1,17972,18049,-6,-17,0,0,0
2019-02-10,75,lowongan kurir+lowongan kerja kurir,ID,2019-01-01 2019-10-31,web,0,2019,0.8490167484201688,71.81989924433249,88.66102125106717,Kurir,Mencari pekerjaan/menyiapkan usaha,1,17972,18049,-5,-16,0,0,0
2019-02-17,40,lowongan kurir+lowongan kerja kurir,ID,2019-01-01 2019-10-31,web,0,2019,0.8490167484201688,38.303946263643994,88.66102125106717,Kurir,Mencari pekerjaan/menyiapkan usaha,1,17972,18049,-4,-15,0,0,0
2019-02-24,54,lowongan kurir+lowongan kerja kurir,ID,2019-01-01 2019-10-31,web,0,2019,0.8490167484201688,51.71032745591939,88.66102125106717,Kurir,Mencari pekerjaan/menyiapkan usaha,1,17972,18049,-3,-14,0,0,0
2019-03-03,28,lowongan kurir+lowongan kerja kurir,ID,2019-01-01 2019-10-31,web,0,2019,0.8490167484201688,26.8127623845508,88.66102125106717,Kurir,Mencari pekerjaan/menyiapkan usaha,1,17972,18049,-2,-13,0,0,0
2019-03-10,41,lowongan kurir+lowongan kerja kurir,ID,2019-01-01 2019-10-31,web,0,2019,0.8490167484201688,39.261544920235096,88.66102125106717,Kurir,Mencari pekerjaan/menyiapkan usaha,1,17972,18049,-1,-12,0,0,0
2019-03-17,49,lowongan kurir+lowongan kerja kurir,ID,2019-01-01 2019-10-31,web,0,2019,0.8490167484201688,46.9223341729639,88.66102125106717,Kurir,Mencari pekerjaan/menyiapkan usaha,1,17972,18049,0,-11,0,0,0
2019-03-24,58,lowongan kurir+lowongan kerja kurir,ID,2019-01-01 2019-10-31,web,0,2019,0.8490167484201688,55.540722082283786,88.66102125106717,Kurir,Mencari pekerjaan/menyiapkan usaha,1,17972,18049,1,-10,0,1,0
2019-03-31,61,lowongan kurir+lowongan kerja kurir,ID,2019-01-01 2019-10-31,web,0,2019,0.8490167484201688,58.41351805205709,88.66102125106717,Kurir,Mencari pekerjaan/menyiapkan usaha,1,17972,18049,2,-9,0,1,0
2019-04-07,46,lowongan kurir+lowongan kerja kurir,ID,2019-01-01 2019-10-31,web,0,2019,0.8490167484201688,44.04953820319059,88.66102125106717,Kurir,Mencari pekerjaan/menyiapkan usaha,1,17972,18049,3,-8,0,1,0
2019-04-14,37,lowongan kurir+lowongan kerja kurir,ID,2019-01-01 2019-10-31,web,0,2019,0.8490167484201688,35.4311502938707,88.66102125106717,Kurir,Mencari pekerjaan/menyiapkan usaha,1,17972,18049,4,-7,0,1,0
2019-04-21,37,lowongan kurir+lowongan kerja kurir,ID,2019-01-01 2019-10-31,web,0,2019,0.8490167484201688,35.4311502938707,88.66102125106717,Kurir,Mencari pekerjaan/menyiapkan usaha,1,17972,18049,5,-6,0,1,0
2019-04-28,42,lowongan kurir+lowongan kerja kurir,ID,2019-01-01 2019-10-31,web,0,2019,0.8490167484201688,40.2191435768262,88.66102125106717,Kurir,Mencari pekerjaan/menyiapkan usaha,1,17972,18049,6,-5,0,1,0
2019-05-05,37,lowongan kurir+lowongan kerja kurir,ID,2019-01-01 2019-10-31,web,0,2019,0.8490167484201688,35.4311502938707,88.66102125106717,Kurir,Mencari pekerjaan/menyiapkan usaha,1,17972,18049,7,-4,0,1,0
2019-05-12,59,lowongan kurir+lowongan kerja kurir,ID,2019-01-01 2019-10-31,web,0,2019,0.8490167484201688,56.498320738874895,88.66102125106717,Kurir,Mencari pekerjaan/menyiapkan usaha,1,17972,18049,8,-3,0,1,0
2019-05-19,32,lowongan kurir+lowongan kerja kurir,ID,2019-01-01 2019-10-31,web,0,2019,0.8490167484201688,30.643157010915196,88.66102125106717,Kurir,Mencari pekerjaan/menyiapkan usaha,1,17972,18049,9,-2,0,1,0
2019-05-26,24,lowongan kurir+lowongan kerja kurir,ID,2019-01-01 2019-10-31,web,0,2019,0.8490167484201688,22.9823677581864,88.66102125106717,Kurir,Mencari pekerjaan/menyiapkan usaha,1,17972,18049,10,-1,0,1,0
2019-06-02,39,lowongan kurir+lowongan kerja kurir,ID,2019-01-01 2019-10-31,web,0,2019,0.8490167484201688,37.3463476070529,88.66102125106717,Kurir,Mencari pekerjaan/menyiapkan usaha,1,17972,18049,11,0,0,1,0
2019-06-09,46,lowongan kurir+lowongan kerja kurir,ID,2019-01-01 2019-10-31,web,0,2019,0.8490167484201688,44.04953820319059,88.66102125106717,Kurir,Mencari pekerjaan/menyiapkan usaha,1,17972,18049,12,1,0,1,1
2019-06-16,54,lowongan kurir+lowongan kerja kurir,ID,2019-01-01 2019-10-31,web,0,2019,0.8490167484201688,51.71032745591939,88.66102125106717,Kurir,Mencari pekerjaan/menyiapkan usaha,1,17972,18049,13,2,0,1,1
2019-06-23,70,lowongan kurir+lowongan kerja kurir,ID,2019-01-01 2019-10-31,web,0,2019,0.8490167484201688,67.031905961377,88.66102125106717,Kurir,Mencari pekerjaan/menyiapkan usaha,1,17972,18049,14,3,0,1,1
2019-06-30,72,lowongan kurir+lowongan kerja kurir,ID,2019-01-01 2019-10-31,web,0,2019,0.8490167484201688,68.9471032745592,88.66102125106717,Kurir,Mencari pekerjaan/menyiapkan usaha,1,17972,18049,15,4,0,1,1
2019-07-07,72,lowongan kurir+lowongan kerja kurir,ID,2019-01-01 2019-10-31,web,0,2019,0.8490167484201688,68.9471032745592,88.66102125106717,Kurir,Mencari pekerjaan/menyiapkan usaha,1,17972,18049,16,5,0,1,1
2019-07-14,82,lowongan kurir+lowongan kerja kurir,ID,2019-01-01 2019-10-31,web,0,2019,0.8490167484201688,78.52308984047019,88.66102125106717,Kurir,Mencari pekerjaan/menyiapkan usaha,1,17972,18049,17,6,0,1,1
2019-07-21,65,lowongan kurir+lowongan kerja kurir,ID,2019-01-01 2019-10-31,web,0,2019,0.8490167484201688,62.243912678421495,88.66102125106717,Kurir,Mencari pekerjaan/menyiapkan usaha,1,17972,18049,18,7,0,1,1
2019-07-28,81,lowongan kurir+lowongan kerja kurir,ID,2019-01-01 2019-10-31,web,0,2019,0.8490167484201688,77.5654911838791,88.66102125106717,Kurir,Mencari pekerjaan/menyiapkan usaha,1,17972,18049,19,8,0,1,1
2019-08-04,35,lowongan kurir+lowongan kerja kurir,ID,2019-01-01 2019-10-31,web,0,2019,0.8490167484201688,33.5159529806885,88.66102125106717,Kurir,Mencari pekerjaan/menyiapkan usaha,1,17972,18049,20,9,0,1,1
2019-08-11,81,lowongan kurir+lowongan kerja kurir,ID,2019-01-01 2019-10-31,web,0,2019,0.8490167484201688,77.5654911838791,88.66102125106717,Kurir,Mencari pekerjaan/menyiapkan usaha,1,17972,18049,21,10,0,1,1
2019-08-18,44,lowongan kurir+lowongan kerja kurir,ID,2019-01-01 2019-10-31,web,0,2019,0.8490167484201688,42.1343408900084,88.66102125106717,Kurir,Mencari pekerjaan/menyiapkan usaha,1,17972,18049,22,11,0,1,1
2019-08-25,56,lowongan kurir+lowongan kerja kurir,ID,2019-01-01 2019-10-31,web,0,2019,0.8490167484201688,53.625524769101595,88.66102125106717,Kurir,Mencari pekerjaan/menyiapkan usaha,1,17972,18049,23,12,0,1,1
2019-09-01,59,lowongan kurir+lowongan kerja kurir,ID,2019-01-01 2019-10-31,web,0,2019,0.8490167484201688,56.498320738874895,88.66102125106717,Kurir,Mencari pekerjaan/menyiapkan usaha,1,17972,18049,24,13,0,1,1
2019-09-08,57,lowongan kurir+lowongan kerja kurir,ID,2019-01-01 2019-10-31,web,0,2019,0.8490167484201688,54.58312342569269,88.66102125106717,Kurir,Mencari pekerjaan/menyiapkan usaha,1,17972,18049,25,14,0,1,1
2019-09-15,61,lowongan kurir+lowongan kerja kurir,ID,2019-01-01 2019-10-31,web,0,2019,0.8490167484201688,58.41351805205709,88.66102125106717,Kurir,Mencari pekerjaan/menyiapkan usaha,1,17972,18049,26,15,0,1,1
2019-09-22,45,lowongan kurir+lowongan kerja kurir,ID,2019-01-01 2019-10-31,web,0,2019,0.8490167484201688,43.0919395465995,88.66102125106717,Kurir,Mencari pekerjaan/menyiapkan usaha,1,17972,18049,27,16,0,1,1
2019-09-29,59,lowongan kurir+lowongan kerja kurir,ID,2019-01-01 2019-10-31,web,0,2019,0.8490167484201688,56.498320738874895,88.66102125106717,Kurir,Mencari pekerjaan/menyiapkan usaha,1,17972,18049,28,17,0,1,1
2019-10-06,62,lowongan kurir+lowongan kerja kurir,ID,2019-01-01 2019-10-31,web,0,2019,0.8490167484201688,59.371116708648195,88.66102125106717,Kurir,Mencari pekerjaan/menyiapkan usaha,1,17972,18049,29,18,0,1,1
2019-10-13,54,lowongan kurir+lowongan kerja kurir,ID,2019-01-01 2019-10-31,web,0,2019,0.8490167484201688,51.71032745591939,88.66102125106717,Kurir,Mencari pekerjaan/menyiapkan usaha,1,17972,18049,30,19,0,1,1
2019-10-20,73,lowongan kurir+lowongan kerja kurir,ID,2019-01-01 2019-10-31,web,0,2019,0.8490167484201688,69.9047019311503,88.66102125106717,Kurir,Mencari pekerjaan/menyiapkan usaha,1,17972,18049,31,20,0,1,1
2019-10-27,100,lowongan kurir+lowongan kerja kurir,ID,2019-01-01 2019-10-31,web,0,2019,0.8490167484201688,95.75986565911,88.66102125106717,Kurir,Mencari pekerjaan/menyiapkan usaha,1,17972,18049,32,21,0,1,1
2019-01-06,82,daftar gojek+daftar grab,ID,2019-01-01 2019-10-31,web,0,2019,0.7660152391703119,45.80898123324398,137.11994443216616,Driver online,Mencari pekerjaan/menyiapkan usaha,1,17972,18049,-10,-21,0,0,0
2019-01-13,64,daftar gojek+daftar grab,ID,2019-01-01 2019-10-31,web,0,2019,0.7660152391703119,35.753351206434324,137.11994443216616,Driver online,Mencari pekerjaan/menyiapkan usaha,1,17972,18049,-9,-20,0,0,0
2019-01-20,74,daftar gojek+daftar grab,ID,2019-01-01 2019-10-31,web,0,2019,0.7660152391703119,41.3398123324397,137.11994443216616,Driver online,Mencari pekerjaan/menyiapkan usaha,1,17972,18049,-8,-19,0,0,0
2019-01-27,75,daftar gojek+daftar grab,ID,2019-01-01 2019-10-31,web,0,2019,0.7660152391703119,41.89845844504023,137.11994443216616,Driver online,Mencari pekerjaan/menyiapkan usaha,1,17972,18049,-7,-18,0,0,0
2019-02-03,77,daftar gojek+daftar grab,ID,2019-01-01 2019-10-31,web,0,2019,0.7660152391703119,43.015750670241296,137.11994443216616,Driver online,Mencari pekerjaan/menyiapkan usaha,1,17972,18049,-6,-17,0,0,0
2019-02-10,66,daftar gojek+daftar grab,ID,2019-01-01 2019-10-31,web,0,2019,0.7660152391703119,36.8706434316354,137.11994443216616,Driver online,Mencari pekerjaan/menyiapkan usaha,1,17972,18049,-5,-16,0,0,0
2019-02-17,70,daftar gojek+daftar grab,ID,2019-01-01 2019-10-31,web,0,2019,0.7660152391703119,39.105227882037546,137.11994443216616,Driver online,Mencari pekerjaan/menyiapkan usaha,1,17972,18049,-4,-15,0,0,0
2019-02-24,54,daftar gojek+daftar grab,ID,2019-01-01 2019-10-31,web,0,2019,0.7660152391703119,30.16689008042896,137.11994443216616,Driver online,Mencari pekerjaan/menyiapkan usaha,1,17972,18049,-3,-14,0,0,0
2019-03-03,66,daftar gojek+daftar grab,ID,2019-01-01 2019-10-31,web,0,2019,0.7660152391703119,36.8706434316354,137.11994443216616,Driver online,Mencari pekerjaan/menyiapkan usaha,1,17972,18049,-2,-13,0,0,0
2019-03-10,55,daftar gojek+daftar grab,ID,2019-01-01 2019-10-31,web,0,2019,0.7660152391703119,30.7255361930295,137.11994443216616,Driver online,Mencari pekerjaan/menyiapkan usaha,1,17972,18049,-1,-12,0,0,0
2019-03-17,66,daftar gojek+daftar grab,ID,2019-01-01 2019-10-31,web,0,2019,0.7660152391703119,36.8706434316354,137.11994443216616,Driver online,Mencari pekerjaan/menyiapkan usaha,1,17972,18049,0,-11,0,0,0
2019-03-24,58,daftar gojek+daftar grab,ID,2019-01-01 2019-10-31,web,0,2019,0.7660152391703119,32.40147453083111,137.11994443216616,Driver online,Mencari pekerjaan/menyiapkan usaha,1,17972,18049,1,-10,0,1,0
2019-03-31,53,daftar gojek+daftar grab,ID,2019-01-01 2019-10-31,web,0,2019,0.7660152391703119,29.60824396782843,137.11994443216616,Driver online,Mencari pekerjaan/menyiapkan usaha,1,17972,18049,2,-9,0,1,0
2019-04-07,67,daftar gojek+daftar grab,ID,2019-01-01 2019-10-31,web,0,2019,0.7660152391703119,37.429289544235935,137.11994443216616,Driver online,Mencari pekerjaan/menyiapkan usaha,1,17972,18049,3,-8,0,1,0
2019-04-14,55,daftar gojek+daftar grab,ID,2019-01-01 2019-10-31,web,0,2019,0.7660152391703119,30.7255361930295,137.11994443216616,Driver online,Mencari pekerjaan/menyiapkan usaha,1,17972,18049,4,-7,0,1,0
2019-04-21,57,daftar gojek+daftar grab,ID,2019-01-01 2019-10-31,web,0,2019,0.7660152391703119,31.842828418230575,137.11994443216616,Driver online,Mencari pekerjaan/menyiapkan usaha,1,17972,18049,5,-6,0,1,0
2019-04-28,59,daftar gojek+daftar grab,ID,2019-01-01 2019-10-31,web,0,2019,0.7660152391703119,32.960120643431644,137.11994443216616,Driver online,Mencari pekerjaan/menyiapkan usaha,1,17972,18049,6,-5,0,1,0
2019-05-05,63,daftar gojek+daftar grab,ID,2019-01-01 2019-10-31,web,0,2019,0.7660152391703119,35.19470509383379,137.11994443216616,Driver online,Mencari pekerjaan/menyiapkan usaha,1,17972,18049,7,-4,0,1,0
2019-05-12,50,daftar gojek+daftar grab,ID,2019-01-01 2019-10-31,web,0,2019,0.7660152391703119,27.932305630026818,137.11994443216616,Driver online,Mencari pekerjaan/menyiapkan usaha,1,17972,18049,8,-3,0,1,0
2019-05-19,47,daftar gojek+daftar grab,ID,2019-01-01 2019-10-31,web,0,2019,0.7660152391703119,26.256367292225207,137.11994443216616,Driver online,Mencari pekerjaan/menyiapkan usaha,1,17972,18049,9,-2,0,1,0
2019-05-26,40,daftar gojek+daftar grab,ID,2019-01-01 2019-10-31,web,0,2019,0.7660152391703119,22.345844504021457,137.11994443216616,Driver online,Mencari pekerjaan/menyiapkan usaha,1,17972,18049,10,-1,0,1,0
2019-06-02,28,daftar gojek+daftar grab,ID,2019-01-01 2019-10-31,web,0,2019,0.7660152391703119,15.642091152815018,137.11994443216616,Driver online,Mencari pekerjaan/menyiapkan usaha,1,17972,18049,11,0,0,1,0
2019-06-09,65,daftar gojek+daftar grab,ID,2019-01-01 2019-10-31,web,0,2019,0.7660152391703119,36.311997319034866,137.11994443216616,Driver online,Mencari pekerjaan/menyiapkan usaha,1,17972,18049,12,1,0,1,1
2019-06-16,78,daftar gojek+daftar grab,ID,2019-01-01 2019-10-31,web,0,2019,0.7660152391703119,43.57439678284184,137.11994443216616,Driver online,Mencari pekerjaan/menyiapkan usaha,1,17972,18049,13,2,0,1,1
2019-06-23,86,daftar gojek+daftar grab,ID,2019-01-01 2019-10-31,web,0,2019,0.7660152391703119,48.04356568364613,137.11994443216616,Driver online,Mencari pekerjaan/menyiapkan usaha,1,17972,18049,14,3,0,1,1
2019-06-30,86,daftar gojek+daftar grab,ID,2019-01-01 2019-10-31,web,0,2019,0.7660152391703119,48.04356568364613,137.11994443216616,Driver online,Mencari pekerjaan/menyiapkan usaha,1,17972,18049,15,4,0,1,1
2019-07-07,100,daftar gojek+daftar grab,ID,2019-01-01 2019-10-31,web,0,2019,0.7660152391703119,55.86461126005363,137.11994443216616,Driver online,Mencari pekerjaan/menyiapkan usaha,1,17972,18049,16,5,0,1,1
2019-07-14,80,daftar gojek+daftar grab,ID,2019-01-01 2019-10-31,web,0,2019,0.7660152391703119,44.691689008042914,137.11994443216616,Driver online,Mencari pekerjaan/menyiapkan usaha,1,17972,18049,17,6,0,1,1
2019-07-21,94,daftar gojek+daftar grab,ID,2019-01-01 2019-10-31,web,0,2019,0.7660152391703119,52.51273458445041,137.11994443216616,Driver online,Mencari pekerjaan/menyiapkan usaha,1,17972,18049,18,7,0,1,1
2019-07-28,81,daftar gojek+daftar grab,ID,2019-01-01 2019-10-31,web,0,2019,0.7660152391703119,45.25033512064345,137.11994443216616,Driver online,Mencari pekerjaan/menyiapkan usaha,1,17972,18049,19,8,0,1,1
2019-08-04,84,daftar gojek+daftar grab,ID,2019-01-01 2019-10-31,web,0,2019,0.7660152391703119,46.92627345844506,137.11994443216616,Driver online,Mencari pekerjaan/menyiapkan usaha,1,17972,18049,20,9,0,1,1
2019-08-11,74,daftar gojek+daftar grab,ID,2019-01-01 2019-10-31,web,0,2019,0.7660152391703119,41.3398123324397,137.11994443216616,Driver online,Mencari pekerjaan/menyiapkan usaha,1,17972,18049,21,10,0,1,1
2019-08-18,78,daftar gojek+daftar grab,ID,2019-01-01 2019-10-31,web,0,2019,0.7660152391703119,43.57439678284184,137.11994443216616,Driver online,Mencari pekerjaan/menyiapkan usaha,1,17972,18049,22,11,0,1,1
2019-08-25,71,daftar gojek+daftar grab,ID,2019-01-01 2019-10-31,web,0,2019,0.7660152391703119,39.66387399463808,137.11994443216616,Driver online,Mencari pekerjaan/menyiapkan usaha,1,17972,18049,23,12,0,1,1
2019-09-01,79,daftar gojek+daftar grab,ID,2019-01-01 2019-10-31,web,0,2019,0.7660152391703119,44.13304289544237,137.11994443216616,Driver online,Mencari pekerjaan/menyiapkan usaha,1,17972,18049,24,13,0,1,1
2019-09-08,72,daftar gojek+daftar grab,ID,2019-01-01 2019-10-31,web,0,2019,0.7660152391703119,40.222520107238616,137.11994443216616,Driver online,Mencari pekerjaan/menyiapkan usaha,1,17972,18049,25,14,0,1,1
2019-09-15,82,daftar gojek+daftar grab,ID,2019-01-01 2019-10-31,web,0,2019,0.7660152391703119,45.80898123324398,137.11994443216616,Driver online,Mencari pekerjaan/menyiapkan usaha,1,17972,18049,26,15,0,1,1
2019-09-22,72,daftar gojek+daftar grab,ID,2019-01-01 2019-10-31,web,0,2019,0.7660152391703119,40.222520107238616,137.11994443216616,Driver online,Mencari pekerjaan/menyiapkan usaha,1,17972,18049,27,16,0,1,1
2019-09-29,73,daftar gojek+daftar grab,ID,2019-01-01 2019-10-31,web,0,2019,0.7660152391703119,40.78116621983916,137.11994443216616,Driver online,Mencari pekerjaan/menyiapkan usaha,1,17972,18049,28,17,0,1,1
2019-10-06,77,daftar gojek+daftar grab,ID,2019-01-01 2019-10-31,web,0,2019,0.7660152391703119,43.015750670241296,137.11994443216616,Driver online,Mencari pekerjaan/menyiapkan usaha,1,17972,18049,29,18,0,1,1
2019-10-13,80,daftar gojek+daftar grab,ID,2019-01-01 2019-10-31,web,0,2019,0.7660152391703119,44.691689008042914,137.11994443216616,Driver online,Mencari pekerjaan/menyiapkan usaha,1,17972,18049,30,19,0,1,1
2019-10-20,71,daftar gojek+daftar grab,ID,2019-01-01 2019-10-31,web,0,2019,0.7660152391703119,39.66387399463808,137.11994443216616,Driver online,Mencari pekerjaan/menyiapkan usaha,1,17972,18049,31,20,0,1,1
2019-10-27,75,daftar gojek+daftar grab,ID,2019-01-01 2019-10-31,web,0,2019,0.7660152391703119,41.89845844504023,137.11994443216616,Driver online,Mencari pekerjaan/menyiapkan usaha,1,17972,18049,32,21,0,1,1
2019-01-06,100,modal jualan+cara jualan online,ID,2019-01-01 2019-10-31,web,0,2019,0.8626545819161276,85.50616361598806,100.88799981605388,Berjualan,Mencari pekerjaan/menyiapkan usaha,1,17972,18049,-10,-21,0,0,0
2019-01-13,82,modal jualan+cara jualan online,ID,2019-01-01 2019-10-31,web,0,2019,0.8626545819161276,70.11505416511021,100.88799981605388,Berjualan,Mencari pekerjaan/menyiapkan usaha,1,17972,18049,-9,-20,0,0,0
2019-01-20,63,modal jualan+cara jualan online,ID,2019-01-01 2019-10-31,web,0,2019,0.8626545819161276,53.86888307807247,100.88799981605388,Berjualan,Mencari pekerjaan/menyiapkan usaha,1,17972,18049,-8,-19,0,0,0
2019-01-27,78,modal jualan+cara jualan online,ID,2019-01-01 2019-10-31,web,0,2019,0.8626545819161276,66.69480762047067,100.88799981605388,Berjualan,Mencari pekerjaan/menyiapkan usaha,1,17972,18049,-7,-18,0,0,0
2019-02-03,75,modal jualan+cara jualan online,ID,2019-01-01 2019-10-31,web,0,2019,0.8626545819161276,64.12962271199105,100.88799981605388,Berjualan,Mencari pekerjaan/menyiapkan usaha,1,17972,18049,-6,-17,0,0,0
2019-02-10,75,modal jualan+cara jualan online,ID,2019-01-01 2019-10-31,web,0,2019,0.8626545819161276,64.12962271199105,100.88799981605388,Berjualan,Mencari pekerjaan/menyiapkan usaha,1,17972,18049,-5,-16,0,0,0
2019-02-17,56,modal jualan+cara jualan online,ID,2019-01-01 2019-10-31,web,0,2019,0.8626545819161276,47.88345162495331,100.88799981605388,Berjualan,Mencari pekerjaan/menyiapkan usaha,1,17972,18049,-4,-15,0,0,0
2019-02-24,77,modal jualan+cara jualan online,ID,2019-01-01 2019-10-31,web,0,2019,0.8626545819161276,65.8397459843108,100.88799981605388,Berjualan,Mencari pekerjaan/menyiapkan usaha,1,17972,18049,-3,-14,0,0,0
2019-03-03,62,modal jualan+cara jualan online,ID,2019-01-01 2019-10-31,web,0,2019,0.8626545819161276,53.01382144191259,100.88799981605388,Berjualan,Mencari pekerjaan/menyiapkan usaha,1,17972,18049,-2,-13,0,0,0
2019-03-10,69,modal jualan+cara jualan online,ID,2019-01-01 2019-10-31,web,0,2019,0.8626545819161276,58.99925289503176,100.88799981605388,Berjualan,Mencari pekerjaan/menyiapkan usaha,1,17972,18049,-1,-12,0,0,0
2019-03-17,64,modal jualan+cara jualan online,ID,2019-01-01 2019-10-31,web,0,2019,0.8626545819161276,54.72394471423235,100.88799981605388,Berjualan,Mencari pekerjaan/menyiapkan usaha,1,17972,18049,0,-11,0,0,0
2019-03-24,52,modal jualan+cara jualan online,ID,2019-01-01 2019-10-31,web,0,2019,0.8626545819161276,44.46320508031379,100.88799981605388,Berjualan,Mencari pekerjaan/menyiapkan usaha,1,17972,18049,1,-10,0,1,0
2019-03-31,51,modal jualan+cara jualan online,ID,2019-01-01 2019-10-31,web,0,2019,0.8626545819161276,43.6081434441539,100.88799981605388,Berjualan,Mencari pekerjaan/menyiapkan usaha,1,17972,18049,2,-9,0,1,0
2019-04-07,54,modal jualan+cara jualan online,ID,2019-01-01 2019-10-31,web,0,2019,0.8626545819161276,46.17332835263355,100.88799981605388,Berjualan,Mencari pekerjaan/menyiapkan usaha,1,17972,18049,3,-8,0,1,0
2019-04-14,59,modal jualan+cara jualan online,ID,2019-01-01 2019-10-31,web,0,2019,0.8626545819161276,50.448636533432946,100.88799981605388,Berjualan,Mencari pekerjaan/menyiapkan usaha,1,17972,18049,4,-7,0,1,0
2019-04-21,45,modal jualan+cara jualan online,ID,2019-01-01 2019-10-31,web,0,2019,0.8626545819161276,38.47777362719462,100.88799981605388,Berjualan,Mencari pekerjaan/menyiapkan usaha,1,17972,18049,5,-6,0,1,0
2019-04-28,67,modal jualan+cara jualan online,ID,2019-01-01 2019-10-31,web,0,2019,0.8626545819161276,57.289129622712,100.88799981605388,Berjualan,Mencari pekerjaan/menyiapkan usaha,1,17972,18049,6,-5,0,1,0
2019-05-05,66,modal jualan+cara jualan online,ID,2019-01-01 2019-10-31,web,0,2019,0.8626545819161276,56.434067986552115,100.88799981605388,Berjualan,Mencari pekerjaan/menyiapkan usaha,1,17972,18049,7,-4,0,1,0
2019-05-12,41,modal jualan+cara jualan online,ID,2019-01-01 2019-10-31,web,0,2019,0.8626545819161276,35.057527082555104,100.88799981605388,Berjualan,Mencari pekerjaan/menyiapkan usaha,1,17972,18049,8,-3,0,1,0
2019-05-19,57,modal jualan+cara jualan online,ID,2019-01-01 2019-10-31,web,0,2019,0.8626545819161276,48.738513261113184,100.88799981605388,Berjualan,Mencari pekerjaan/menyiapkan usaha,1,17972,18049,9,-2,0,1,0
2019-05-26,22,modal jualan+cara jualan online,ID,2019-01-01 2019-10-31,web,0,2019,0.8626545819161276,18.811355995517378,100.88799981605388,Berjualan,Mencari pekerjaan/menyiapkan usaha,1,17972,18049,10,-1,0,1,0
2019-06-02,35,modal jualan+cara jualan online,ID,2019-01-01 2019-10-31,web,0,2019,0.8626545819161276,29.927157265595817,100.88799981605388,Berjualan,Mencari pekerjaan/menyiapkan usaha,1,17972,18049,11,0,0,1,0
2019-06-09,37,modal jualan+cara jualan online,ID,2019-01-01 2019-10-31,web,0,2019,0.8626545819161276,31.63728053791558,100.88799981605388,Berjualan,Mencari pekerjaan/menyiapkan usaha,1,17972,18049,12,1,0,1,1
2019-06-16,84,modal jualan+cara jualan online,ID,2019-01-01 2019-10-31,web,0,2019,0.8626545819161276,71.82517743742997,100.88799981605388,Berjualan,Mencari pekerjaan/menyiapkan usaha,1,17972,18049,13,2,0,1,1
2019-06-23,51,modal jualan+cara jualan online,ID,2019-01-01 2019-10-31,web,0,2019,0.8626545819161276,43.6081434441539,100.88799981605388,Berjualan,Mencari pekerjaan/menyiapkan usaha,1,17972,18049,14,3,0,1,1
2019-06-30,60,modal jualan+cara jualan online,ID,2019-01-01 2019-10-31,web,0,2019,0.8626545819161276,51.303698169592835,100.88799981605388,Berjualan,Mencari pekerjaan/menyiapkan usaha,1,17972,18049,15,4,0,1,1
2019-07-07,77,modal jualan+cara jualan online,ID,2019-01-01 2019-10-31,web,0,2019,0.8626545819161276,65.8397459843108,100.88799981605388,Berjualan,Mencari pekerjaan/menyiapkan usaha,1,17972,18049,16,5,0,1,1
2019-07-14,45,modal jualan+cara jualan online,ID,2019-01-01 2019-10-31,web,0,2019,0.8626545819161276,38.47777362719462,100.88799981605388,Berjualan,Mencari pekerjaan/menyiapkan usaha,1,17972,18049,17,6,0,1,1
2019-07-21,78,modal jualan+cara jualan online,ID,2019-01-01 2019-10-31,web,0,2019,0.8626545819161276,66.69480762047067,100.88799981605388,Berjualan,Mencari pekerjaan/menyiapkan usaha,1,17972,18049,18,7,0,1,1
2019-07-28,61,modal jualan+cara jualan online,ID,2019-01-01 2019-10-31,web,0,2019,0.8626545819161276,52.15875980575271,100.88799981605388,Berjualan,Mencari pekerjaan/menyiapkan usaha,1,17972,18049,19,8,0,1,1
2019-08-04,99,modal jualan+cara jualan online,ID,2019-01-01 2019-10-31,web,0,2019,0.8626545819161276,84.65110197982817,100.88799981605388,Berjualan,Mencari pekerjaan/menyiapkan usaha,1,17972,18049,20,9,0,1,1
2019-08-11,32,modal jualan+cara jualan online,ID,2019-01-01 2019-10-31,web,0,2019,0.8626545819161276,27.361972357116176,100.88799981605388,Berjualan,Mencari pekerjaan/menyiapkan usaha,1,17972,18049,21,10,0,1,1
2019-08-18,79,modal jualan+cara jualan online,ID,2019-01-01 2019-10-31,web,0,2019,0.8626545819161276,67.54986925663057,100.88799981605388,Berjualan,Mencari pekerjaan/menyiapkan usaha,1,17972,18049,22,11,0,1,1
2019-08-25,31,modal jualan+cara jualan online,ID,2019-01-01 2019-10-31,web,0,2019,0.8626545819161276,26.506910720956295,100.88799981605388,Berjualan,Mencari pekerjaan/menyiapkan usaha,1,17972,18049,23,12,0,1,1
2019-09-01,68,modal jualan+cara jualan online,ID,2019-01-01 2019-10-31,web,0,2019,0.8626545819161276,58.14419125887187,100.88799981605388,Berjualan,Mencari pekerjaan/menyiapkan usaha,1,17972,18049,24,13,0,1,1
2019-09-08,70,modal jualan+cara jualan online,ID,2019-01-01 2019-10-31,web,0,2019,0.8626545819161276,59.85431453119163,100.88799981605388,Berjualan,Mencari pekerjaan/menyiapkan usaha,1,17972,18049,25,14,0,1,1
2019-09-15,62,modal jualan+cara jualan online,ID,2019-01-01 2019-10-31,web,0,2019,0.8626545819161276,53.01382144191259,100.88799981605388,Berjualan,Mencari pekerjaan/menyiapkan usaha,1,17972,18049,26,15,0,1,1
2019-09-22,59,modal jualan+cara jualan online,ID,2019-01-01 2019-10-31,web,0,2019,0.8626545819161276,50.448636533432946,100.88799981605388,Berjualan,Mencari pekerjaan/menyiapkan usaha,1,17972,18049,27,16,0,1,1
2019-09-29,86,modal jualan+cara jualan online,ID,2019-01-01 2019-10-31,web,0,2019,0.8626545819161276,73.53530070974972,100.88799981605388,Berjualan,Mencari pekerjaan/menyiapkan usaha,1,17972,18049,28,17,0,1,1
2019-10-06,55,modal jualan+cara jualan online,ID,2019-01-01 2019-10-31,web,0,2019,0.8626545819161276,47.02838998879343,100.88799981605388,Berjualan,Mencari pekerjaan/menyiapkan usaha,1,17972,18049,29,18,0,1,1
2019-10-13,64,modal jualan+cara jualan online,ID,2019-01-01 2019-10-31,web,0,2019,0.8626545819161276,54.72394471423235,100.88799981605388,Berjualan,Mencari pekerjaan/menyiapkan usaha,1,17972,18049,30,19,0,1,1
2019-10-20,77,modal jualan+cara jualan online,ID,2019-01-01 2019-10-31,web,0,2019,0.8626545819161276,65.8397459843108,100.88799981605388,Berjualan,Mencari pekerjaan/menyiapkan usaha,1,17972,18049,31,20,0,1,1
2019-10-27,52,modal jualan+cara jualan online,ID,2019-01-01 2019-10-31,web,0,2019,0.8626545819161276,44.46320508031379,100.88799981605388,Berjualan,Mencari pekerjaan/menyiapkan usaha,1,17972,18049,32,21,0,1,1
2020-01-05,9,phk buruh+phk karyawan+phk corona,ID,2020-01-01 2020-10-31,web,0,2020,0.6822919367383977,9.000000000000002,68.22919367383977,PHK,PHK,1,18336,18420,-10,-22,1,0,0
2020-01-12,11,phk buruh+phk karyawan+phk corona,ID,2020-01-01 2020-10-31,web,0,2020,0.6822919367383977,10.999999999999998,68.22919367383977,PHK,PHK,1,18336,18420,-9,-21,1,0,0
2020-01-19,5,phk buruh+phk karyawan+phk corona,ID,2020-01-01 2020-10-31,web,0,2020,0.6822919367383977,5,68.22919367383977,PHK,PHK,1,18336,18420,-8,-20,1,0,0
2020-01-26,7,phk buruh+phk karyawan+phk corona,ID,2020-01-01 2020-10-31,web,0,2020,0.6822919367383977,6.999999999999999,68.22919367383977,PHK,PHK,1,18336,18420,-7,-19,1,0,0
2020-02-02,5,phk buruh+phk karyawan+phk corona,ID,2020-01-01 2020-10-31,web,0,2020,0.6822919367383977,5,68.22919367383977,PHK,PHK,1,18336,18420,-6,-18,1,0,0
2020-02-09,10,phk buruh+phk karyawan+phk corona,ID,2020-01-01 2020-10-31,web,0,2020,0.6822919367383977,10,68.22919367383977,PHK,PHK,1,18336,18420,-5,-17,1,0,0
2020-02-16,9,phk buruh+phk karyawan+phk corona,ID,2020-01-01 2020-10-31,web,0,2020,0.6822919367383977,9.000000000000002,68.22919367383977,PHK,PHK,1,18336,18420,-4,-16,1,0,0
2020-02-23,15,phk buruh+phk karyawan+phk corona,ID,2020-01-01 2020-10-31,web,0,2020,0.6822919367383977,15,68.22919367383977,PHK,PHK,1,18336,18420,-3,-15,1,0,0
2020-03-01,15,phk buruh+phk karyawan+phk corona,ID,2020-01-01 2020-10-31,web,0,2020,0.6822919367383977,15,68.22919367383977,PHK,PHK,1,18336,18420,-2,-14,1,0,0
2020-03-08,13,phk buruh+phk karyawan+phk corona,ID,2020-01-01 2020-10-31,web,0,2020,0.6822919367383977,13,68.22919367383977,PHK,PHK,1,18336,18420,-1,-13,1,0,0
2020-03-15,20,phk buruh+phk karyawan+phk corona,ID,2020-01-01 2020-10-31,web,0,2020,0.6822919367383977,20,68.22919367383977,PHK,PHK,1,18336,18420,0,-12,1,0,0
2020-03-22,29,phk buruh+phk karyawan+phk corona,ID,2020-01-01 2020-10-31,web,0,2020,0.6822919367383977,28.999999999999996,68.22919367383977,PHK,PHK,1,18336,18420,1,-11,1,1,0
2020-03-29,38,phk buruh+phk karyawan+phk corona,ID,2020-01-01 2020-10-31,web,0,2020,0.6822919367383977,38,68.22919367383977,PHK,PHK,1,18336,18420,2,-10,1,1,0
2020-04-05,94,phk buruh+phk karyawan+phk corona,ID,2020-01-01 2020-10-31,web,0,2020,0.6822919367383977,94,68.22919367383977,PHK,PHK,1,18336,18420,3,-9,1,1,0
2020-04-12,100,phk buruh+phk karyawan+phk corona,ID,2020-01-01 2020-10-31,web,0,2020,0.6822919367383977,100,68.22919367383977,PHK,PHK,1,18336,18420,4,-8,1,1,0
2020-04-19,69,phk buruh+phk karyawan+phk corona,ID,2020-01-01 2020-10-31,web,0,2020,0.6822919367383977,69,68.22919367383977,PHK,PHK,1,18336,18420,5,-7,1,1,0
2020-04-26,98,phk buruh+phk karyawan+phk corona,ID,2020-01-01 2020-10-31,web,0,2020,0.6822919367383977,98,68.22919367383977,PHK,PHK,1,18336,18420,6,-6,1,1,0
2020-05-03,62,phk buruh+phk karyawan+phk corona,ID,2020-01-01 2020-10-31,web,0,2020,0.6822919367383977,62,68.22919367383977,PHK,PHK,1,18336,18420,7,-5,1,1,0
2020-05-10,60,phk buruh+phk karyawan+phk corona,ID,2020-01-01 2020-10-31,web,0,2020,0.6822919367383977,60,68.22919367383977,PHK,PHK,1,18336,18420,8,-4,1,1,0
2020-05-17,31,phk buruh+phk karyawan+phk corona,ID,2020-01-01 2020-10-31,web,0,2020,0.6822919367383977,31,68.22919367383977,PHK,PHK,1,18336,18420,9,-3,1,1,0
2020-05-24,31,phk buruh+phk karyawan+phk corona,ID,2020-01-01 2020-10-31,web,0,2020,0.6822919367383977,31,68.22919367383977,PHK,PHK,1,18336,18420,10,-2,1,1,0
2020-05-31,37,phk buruh+phk karyawan+phk corona,ID,2020-01-01 2020-10-31,web,0,2020,0.6822919367383977,37,68.22919367383977,PHK,PHK,1,18336,18420,11,-1,1,1,0
2020-06-07,23,phk buruh+phk karyawan+phk corona,ID,2020-01-01 2020-10-31,web,0,2020,0.6822919367383977,23,68.22919367383977,PHK,PHK,1,18336,18420,12,0,1,1,0
2020-06-14,37,phk buruh+phk karyawan+phk corona,ID,2020-01-01 2020-10-31,web,0,2020,0.6822919367383977,37,68.22919367383977,PHK,PHK,1,18336,18420,13,1,1,1,1
2020-06-21,64,phk buruh+phk karyawan+phk corona,ID,2020-01-01 2020-10-31,web,0,2020,0.6822919367383977,64,68.22919367383977,PHK,PHK,1,18336,18420,14,2,1,1,1
2020-06-28,39,phk buruh+phk karyawan+phk corona,ID,2020-01-01 2020-10-31,web,0,2020,0.6822919367383977,38.99999999999999,68.22919367383977,PHK,PHK,1,18336,18420,15,3,1,1,1
2020-07-05,44,phk buruh+phk karyawan+phk corona,ID,2020-01-01 2020-10-31,web,0,2020,0.6822919367383977,43.99999999999999,68.22919367383977,PHK,PHK,1,18336,18420,16,4,1,1,1
2020-07-12,21,phk buruh+phk karyawan+phk corona,ID,2020-01-01 2020-10-31,web,0,2020,0.6822919367383977,21,68.22919367383977,PHK,PHK,1,18336,18420,17,5,1,1,1
2020-07-19,22,phk buruh+phk karyawan+phk corona,ID,2020-01-01 2020-10-31,web,0,2020,0.6822919367383977,21.999999999999996,68.22919367383977,PHK,PHK,1,18336,18420,18,6,1,1,1
2020-07-26,15,phk buruh+phk karyawan+phk corona,ID,2020-01-01 2020-10-31,web,0,2020,0.6822919367383977,15,68.22919367383977,PHK,PHK,1,18336,18420,19,7,1,1,1
2020-08-02,3,phk buruh+phk karyawan+phk corona,ID,2020-01-01 2020-10-31,web,0,2020,0.6822919367383977,3,68.22919367383977,PHK,PHK,1,18336,18420,20,8,1,1,1
2020-08-09,13,phk buruh+phk karyawan+phk corona,ID,2020-01-01 2020-10-31,web,0,2020,0.6822919367383977,13,68.22919367383977,PHK,PHK,1,18336,18420,21,9,1,1,1
2020-08-16,12,phk buruh+phk karyawan+phk corona,ID,2020-01-01 2020-10-31,web,0,2020,0.6822919367383977,12,68.22919367383977,PHK,PHK,1,18336,18420,22,10,1,1,1
2020-08-23,6,phk buruh+phk karyawan+phk corona,ID,2020-01-01 2020-10-31,web,0,2020,0.6822919367383977,6,68.22919367383977,PHK,PHK,1,18336,18420,23,11,1,1,1
2020-08-30,20,phk buruh+phk karyawan+phk corona,ID,2020-01-01 2020-10-31,web,0,2020,0.6822919367383977,20,68.22919367383977,PHK,PHK,1,18336,18420,24,12,1,1,1
2020-09-06,11,phk buruh+phk karyawan+phk corona,ID,2020-01-01 2020-10-31,web,0,2020,0.6822919367383977,10.999999999999998,68.22919367383977,PHK,PHK,1,18336,18420,25,13,1,1,1
2020-09-13,22,phk buruh+phk karyawan+phk corona,ID,2020-01-01 2020-10-31,web,0,2020,0.6822919367383977,21.999999999999996,68.22919367383977,PHK,PHK,1,18336,18420,26,14,1,1,1
2020-09-20,7,phk buruh+phk karyawan+phk corona,ID,2020-01-01 2020-10-31,web,0,2020,0.6822919367383977,6.999999999999999,68.22919367383977,PHK,PHK,1,18336,18420,27,15,1,1,1
2020-09-27,15,phk buruh+phk karyawan+phk corona,ID,2020-01-01 2020-10-31,web,0,2020,0.6822919367383977,15,68.22919367383977,PHK,PHK,1,18336,18420,28,16,1,1,1
2020-10-04,20,phk buruh+phk karyawan+phk corona,ID,2020-01-01 2020-10-31,web,0,2020,0.6822919367383977,20,68.22919367383977,PHK,PHK,1,18336,18420,29,17,1,1,1
2020-10-11,17,phk buruh+phk karyawan+phk corona,ID,2020-01-01 2020-10-31,web,0,2020,0.6822919367383977,17,68.22919367383977,PHK,PHK,1,18336,18420,30,18,1,1,1
2020-10-18,9,phk buruh+phk karyawan+phk corona,ID,2020-01-01 2020-10-31,web,0,2020,0.6822919367383977,9.000000000000002,68.22919367383977,PHK,PHK,1,18336,18420,31,19,1,1,1
2020-10-25,30,phk buruh+phk karyawan+phk corona,ID,2020-01-01 2020-10-31,web,0,2020,0.6822919367383977,30,68.22919367383977,PHK,PHK,1,18336,18420,32,20,1,1,1
2020-01-05,57,jobstreet lowongan+olx lowongan,ID,2020-01-01 2020-10-31,web,0,2020,1.1125965046664918,56.99999999999999,111.2596504666492,Situs loker,Mencari pekerjaan/menyiapkan usaha,1,18336,18420,-10,-22,1,0,0
2020-01-12,72,jobstreet lowongan+olx lowongan,ID,2020-01-01 2020-10-31,web,0,2020,1.1125965046664918,72,111.2596504666492,Situs loker,Mencari pekerjaan/menyiapkan usaha,1,18336,18420,-9,-21,1,0,0
2020-01-19,66,jobstreet lowongan+olx lowongan,ID,2020-01-01 2020-10-31,web,0,2020,1.1125965046664918,65.99999999999999,111.2596504666492,Situs loker,Mencari pekerjaan/menyiapkan usaha,1,18336,18420,-8,-20,1,0,0
2020-01-26,77,jobstreet lowongan+olx lowongan,ID,2020-01-01 2020-10-31,web,0,2020,1.1125965046664918,77,111.2596504666492,Situs loker,Mencari pekerjaan/menyiapkan usaha,1,18336,18420,-7,-19,1,0,0
2020-02-02,83,jobstreet lowongan+olx lowongan,ID,2020-01-01 2020-10-31,web,0,2020,1.1125965046664918,83,111.2596504666492,Situs loker,Mencari pekerjaan/menyiapkan usaha,1,18336,18420,-6,-18,1,0,0
2020-02-09,82,jobstreet lowongan+olx lowongan,ID,2020-01-01 2020-10-31,web,0,2020,1.1125965046664918,82,111.2596504666492,Situs loker,Mencari pekerjaan/menyiapkan usaha,1,18336,18420,-5,-17,1,0,0
2020-02-16,87,jobstreet lowongan+olx lowongan,ID,2020-01-01 2020-10-31,web,0,2020,1.1125965046664918,87,111.2596504666492,Situs loker,Mencari pekerjaan/menyiapkan usaha,1,18336,18420,-4,-16,1,0,0
2020-02-23,64,jobstreet lowongan+olx lowongan,ID,2020-01-01 2020-10-31,web,0,2020,1.1125965046664918,64,111.2596504666492,Situs loker,Mencari pekerjaan/menyiapkan usaha,1,18336,18420,-3,-15,1,0,0
2020-03-01,69,jobstreet lowongan+olx lowongan,ID,2020-01-01 2020-10-31,web,0,2020,1.1125965046664918,69,111.2596504666492,Situs loker,Mencari pekerjaan/menyiapkan usaha,1,18336,18420,-2,-14,1,0,0
2020-03-08,65,jobstreet lowongan+olx lowongan,ID,2020-01-01 2020-10-31,web,0,2020,1.1125965046664918,65,111.2596504666492,Situs loker,Mencari pekerjaan/menyiapkan usaha,1,18336,18420,-1,-13,1,0,0
2020-03-15,49,jobstreet lowongan+olx lowongan,ID,2020-01-01 2020-10-31,web,0,2020,1.1125965046664918,49,111.2596504666492,Situs loker,Mencari pekerjaan/menyiapkan usaha,1,18336,18420,0,-12,1,0,0
2020-03-22,42,jobstreet lowongan+olx lowongan,ID,2020-01-01 2020-10-31,web,0,2020,1.1125965046664918,41.99999999999999,111.2596504666492,Situs loker,Mencari pekerjaan/menyiapkan usaha,1,18336,18420,1,-11,1,1,0
2020-03-29,43,jobstreet lowongan+olx lowongan,ID,2020-01-01 2020-10-31,web,0,2020,1.1125965046664918,42.99999999999999,111.2596504666492,Situs loker,Mencari pekerjaan/menyiapkan usaha,1,18336,18420,2,-10,1,1,0
2020-04-05,34,jobstreet lowongan+olx lowongan,ID,2020-01-01 2020-10-31,web,0,2020,1.1125965046664918,34,111.2596504666492,Situs loker,Mencari pekerjaan/menyiapkan usaha,1,18336,18420,3,-9,1,1,0
2020-04-12,47,jobstreet lowongan+olx lowongan,ID,2020-01-01 2020-10-31,web,0,2020,1.1125965046664918,46.99999999999999,111.2596504666492,Situs loker,Mencari pekerjaan/menyiapkan usaha,1,18336,18420,4,-8,1,1,0
2020-04-19,30,jobstreet lowongan+olx lowongan,ID,2020-01-01 2020-10-31,web,0,2020,1.1125965046664918,30,111.2596504666492,Situs loker,Mencari pekerjaan/menyiapkan usaha,1,18336,18420,5,-7,1,1,0
2020-04-26,34,jobstreet lowongan+olx lowongan,ID,2020-01-01 2020-10-31,web,0,2020,1.1125965046664918,34,111.2596504666492,Situs loker,Mencari pekerjaan/menyiapkan usaha,1,18336,18420,6,-6,1,1,0
2020-05-03,45,jobstreet lowongan+olx lowongan,ID,2020-01-01 2020-10-31,web,0,2020,1.1125965046664918,44.99999999999999,111.2596504666492,Situs loker,Mencari pekerjaan/menyiapkan usaha,1,18336,18420,7,-5,1,1,0
2020-05-10,28,jobstreet lowongan+olx lowongan,ID,2020-01-01 2020-10-31,web,0,2020,1.1125965046664918,27.999999999999996,111.2596504666492,Situs loker,Mencari pekerjaan/menyiapkan usaha,1,18336,18420,8,-4,1,1,0
2020-05-17,35,jobstreet lowongan+olx lowongan,ID,2020-01-01 2020-10-31,web,0,2020,1.1125965046664918,35,111.2596504666492,Situs loker,Mencari pekerjaan/menyiapkan usaha,1,18336,18420,9,-3,1,1,0
2020-05-24,54,jobstreet lowongan+olx lowongan,ID,2020-01-01 2020-10-31,web,0,2020,1.1125965046664918,54,111.2596504666492,Situs loker,Mencari pekerjaan/menyiapkan usaha,1,18336,18420,10,-2,1,1,0
2020-05-31,75,jobstreet lowongan+olx lowongan,ID,2020-01-01 2020-10-31,web,0,2020,1.1125965046664918,75,111.2596504666492,Situs loker,Mencari pekerjaan/menyiapkan usaha,1,18336,18420,11,-1,1,1,0
2020-06-07,66,jobstreet lowongan+olx lowongan,ID,2020-01-01 2020-10-31,web,0,2020,1.1125965046664918,65.99999999999999,111.2596504666492,Situs loker,Mencari pekerjaan/menyiapkan usaha,1,18336,18420,12,0,1,1,0
2020-06-14,87,jobstreet lowongan+olx lowongan,ID,2020-01-01 2020-10-31,web,0,2020,1.1125965046664918,87,111.2596504666492,Situs loker,Mencari pekerjaan/menyiapkan usaha,1,18336,18420,13,1,1,1,1
2020-06-21,100,jobstreet lowongan+olx lowongan,ID,2020-01-01 2020-10-31,web,0,2020,1.1125965046664918,100,111.2596504666492,Situs loker,Mencari pekerjaan/menyiapkan usaha,1,18336,18420,14,2,1,1,1
2020-06-28,77,jobstreet lowongan+olx lowongan,ID,2020-01-01 2020-10-31,web,0,2020,1.1125965046664918,77,111.2596504666492,Situs loker,Mencari pekerjaan/menyiapkan usaha,1,18336,18420,15,3,1,1,1
2020-07-05,85,jobstreet lowongan+olx lowongan,ID,2020-01-01 2020-10-31,web,0,2020,1.1125965046664918,85,111.2596504666492,Situs loker,Mencari pekerjaan/menyiapkan usaha,1,18336,18420,16,4,1,1,1
2020-07-12,80,jobstreet lowongan+olx lowongan,ID,2020-01-01 2020-10-31,web,0,2020,1.1125965046664918,80,111.2596504666492,Situs loker,Mencari pekerjaan/menyiapkan usaha,1,18336,18420,17,5,1,1,1
2020-07-19,55,jobstreet lowongan+olx lowongan,ID,2020-01-01 2020-10-31,web,0,2020,1.1125965046664918,54.99999999999999,111.2596504666492,Situs loker,Mencari pekerjaan/menyiapkan usaha,1,18336,18420,18,6,1,1,1
2020-07-26,64,jobstreet lowongan+olx lowongan,ID,2020-01-01 2020-10-31,web,0,2020,1.1125965046664918,64,111.2596504666492,Situs loker,Mencari pekerjaan/menyiapkan usaha,1,18336,18420,19,7,1,1,1
2020-08-02,74,jobstreet lowongan+olx lowongan,ID,2020-01-01 2020-10-31,web,0,2020,1.1125965046664918,74,111.2596504666492,Situs loker,Mencari pekerjaan/menyiapkan usaha,1,18336,18420,20,8,1,1,1
2020-08-09,61,jobstreet lowongan+olx lowongan,ID,2020-01-01 2020-10-31,web,0,2020,1.1125965046664918,60.999999999999986,111.2596504666492,Situs loker,Mencari pekerjaan/menyiapkan usaha,1,18336,18420,21,9,1,1,1
2020-08-16,72,jobstreet lowongan+olx lowongan,ID,2020-01-01 2020-10-31,web,0,2020,1.1125965046664918,72,111.2596504666492,Situs loker,Mencari pekerjaan/menyiapkan usaha,1,18336,18420,22,10,1,1,1
2020-08-23,57,jobstreet lowongan+olx lowongan,ID,2020-01-01 2020-10-31,web,0,2020,1.1125965046664918,56.99999999999999,111.2596504666492,Situs loker,Mencari pekerjaan/menyiapkan usaha,1,18336,18420,23,11,1,1,1
2020-08-30,61,jobstreet lowongan+olx lowongan,ID,2020-01-01 2020-10-31,web,0,2020,1.1125965046664918,60.999999999999986,111.2596504666492,Situs loker,Mencari pekerjaan/menyiapkan usaha,1,18336,18420,24,12,1,1,1
2020-09-06,51,jobstreet lowongan+olx lowongan,ID,2020-01-01 2020-10-31,web,0,2020,1.1125965046664918,51,111.2596504666492,Situs loker,Mencari pekerjaan/menyiapkan usaha,1,18336,18420,25,13,1,1,1
2020-09-13,58,jobstreet lowongan+olx lowongan,ID,2020-01-01 2020-10-31,web,0,2020,1.1125965046664918,57.99999999999999,111.2596504666492,Situs loker,Mencari pekerjaan/menyiapkan usaha,1,18336,18420,26,14,1,1,1
2020-09-20,49,jobstreet lowongan+olx lowongan,ID,2020-01-01 2020-10-31,web,0,2020,1.1125965046664918,49,111.2596504666492,Situs loker,Mencari pekerjaan/menyiapkan usaha,1,18336,18420,27,15,1,1,1
2020-09-27,59,jobstreet lowongan+olx lowongan,ID,2020-01-01 2020-10-31,web,0,2020,1.1125965046664918,58.999999999999986,111.2596504666492,Situs loker,Mencari pekerjaan/menyiapkan usaha,1,18336,18420,28,16,1,1,1
2020-10-04,57,jobstreet lowongan+olx lowongan,ID,2020-01-01 2020-10-31,web,0,2020,1.1125965046664918,56.99999999999999,111.2596504666492,Situs loker,Mencari pekerjaan/menyiapkan usaha,1,18336,18420,29,17,1,1,1
2020-10-11,58,jobstreet lowongan+olx lowongan,ID,2020-01-01 2020-10-31,web,0,2020,1.1125965046664918,57.99999999999999,111.2596504666492,Situs loker,Mencari pekerjaan/menyiapkan usaha,1,18336,18420,30,18,1,1,1
2020-10-18,57,jobstreet lowongan+olx lowongan,ID,2020-01-01 2020-10-31,web,0,2020,1.1125965046664918,56.99999999999999,111.2596504666492,Situs loker,Mencari pekerjaan/menyiapkan usaha,1,18336,18420,31,19,1,1,1
2020-10-25,45,jobstreet lowongan+olx lowongan,ID,2020-01-01 2020-10-31,web,0,2020,1.1125965046664918,44.99999999999999,111.2596504666492,Situs loker,Mencari pekerjaan/menyiapkan usaha,1,18336,18420,32,20,1,1,1
2020-01-05,55,lowongan kurir+lowongan kerja kurir,ID,2020-01-01 2020-10-31,web,0,2020,0.8866102125106717,55.00000000000001,88.66102125106717,Kurir,Mencari pekerjaan/menyiapkan usaha,1,18336,18420,-10,-22,1,0,0
2020-01-12,50,lowongan kurir+lowongan kerja kurir,ID,2020-01-01 2020-10-31,web,0,2020,0.8866102125106717,50,88.66102125106717,Kurir,Mencari pekerjaan/menyiapkan usaha,1,18336,18420,-9,-21,1,0,0
2020-01-19,45,lowongan kurir+lowongan kerja kurir,ID,2020-01-01 2020-10-31,web,0,2020,0.8866102125106717,45.00000000000001,88.66102125106717,Kurir,Mencari pekerjaan/menyiapkan usaha,1,18336,18420,-8,-20,1,0,0
2020-01-26,50,lowongan kurir+lowongan kerja kurir,ID,2020-01-01 2020-10-31,web,0,2020,0.8866102125106717,50,88.66102125106717,Kurir,Mencari pekerjaan/menyiapkan usaha,1,18336,18420,-7,-19,1,0,0
2020-02-02,51,lowongan kurir+lowongan kerja kurir,ID,2020-01-01 2020-10-31,web,0,2020,0.8866102125106717,51,88.66102125106717,Kurir,Mencari pekerjaan/menyiapkan usaha,1,18336,18420,-6,-18,1,0,0
2020-02-09,45,lowongan kurir+lowongan kerja kurir,ID,2020-01-01 2020-10-31,web,0,2020,0.8866102125106717,45.00000000000001,88.66102125106717,Kurir,Mencari pekerjaan/menyiapkan usaha,1,18336,18420,-5,-17,1,0,0
2020-02-16,63,lowongan kurir+lowongan kerja kurir,ID,2020-01-01 2020-10-31,web,0,2020,0.8866102125106717,63,88.66102125106717,Kurir,Mencari pekerjaan/menyiapkan usaha,1,18336,18420,-4,-16,1,0,0
2020-02-23,28,lowongan kurir+lowongan kerja kurir,ID,2020-01-01 2020-10-31,web,0,2020,0.8866102125106717,28.000000000000004,88.66102125106717,Kurir,Mencari pekerjaan/menyiapkan usaha,1,18336,18420,-3,-15,1,0,0
2020-03-01,57,lowongan kurir+lowongan kerja kurir,ID,2020-01-01 2020-10-31,web,0,2020,0.8866102125106717,57.00000000000001,88.66102125106717,Kurir,Mencari pekerjaan/menyiapkan usaha,1,18336,18420,-2,-14,1,0,0
2020-03-08,32,lowongan kurir+lowongan kerja kurir,ID,2020-01-01 2020-10-31,web,0,2020,0.8866102125106717,32,88.66102125106717,Kurir,Mencari pekerjaan/menyiapkan usaha,1,18336,18420,-1,-13,1,0,0
2020-03-15,37,lowongan kurir+lowongan kerja kurir,ID,2020-01-01 2020-10-31,web,0,2020,0.8866102125106717,37,88.66102125106717,Kurir,Mencari pekerjaan/menyiapkan usaha,1,18336,18420,0,-12,1,0,0
2020-03-22,16,lowongan kurir+lowongan kerja kurir,ID,2020-01-01 2020-10-31,web,0,2020,0.8866102125106717,16,88.66102125106717,Kurir,Mencari pekerjaan/menyiapkan usaha,1,18336,18420,1,-11,1,1,0
2020-03-29,37,lowongan kurir+lowongan kerja kurir,ID,2020-01-01 2020-10-31,web,0,2020,0.8866102125106717,37,88.66102125106717,Kurir,Mencari pekerjaan/menyiapkan usaha,1,18336,18420,2,-10,1,1,0
2020-04-05,44,lowongan kurir+lowongan kerja kurir,ID,2020-01-01 2020-10-31,web,0,2020,0.8866102125106717,44,88.66102125106717,Kurir,Mencari pekerjaan/menyiapkan usaha,1,18336,18420,3,-9,1,1,0
2020-04-12,52,lowongan kurir+lowongan kerja kurir,ID,2020-01-01 2020-10-31,web,0,2020,0.8866102125106717,52,88.66102125106717,Kurir,Mencari pekerjaan/menyiapkan usaha,1,18336,18420,4,-8,1,1,0
2020-04-19,55,lowongan kurir+lowongan kerja kurir,ID,2020-01-01 2020-10-31,web,0,2020,0.8866102125106717,55.00000000000001,88.66102125106717,Kurir,Mencari pekerjaan/menyiapkan usaha,1,18336,18420,5,-7,1,1,0
2020-04-26,56,lowongan kurir+lowongan kerja kurir,ID,2020-01-01 2020-10-31,web,0,2020,0.8866102125106717,56.00000000000001,88.66102125106717,Kurir,Mencari pekerjaan/menyiapkan usaha,1,18336,18420,6,-6,1,1,0
2020-05-03,56,lowongan kurir+lowongan kerja kurir,ID,2020-01-01 2020-10-31,web,0,2020,0.8866102125106717,56.00000000000001,88.66102125106717,Kurir,Mencari pekerjaan/menyiapkan usaha,1,18336,18420,7,-5,1,1,0
2020-05-10,52,lowongan kurir+lowongan kerja kurir,ID,2020-01-01 2020-10-31,web,0,2020,0.8866102125106717,52,88.66102125106717,Kurir,Mencari pekerjaan/menyiapkan usaha,1,18336,18420,8,-4,1,1,0
2020-05-17,32,lowongan kurir+lowongan kerja kurir,ID,2020-01-01 2020-10-31,web,0,2020,0.8866102125106717,32,88.66102125106717,Kurir,Mencari pekerjaan/menyiapkan usaha,1,18336,18420,9,-3,1,1,0
2020-05-24,47,lowongan kurir+lowongan kerja kurir,ID,2020-01-01 2020-10-31,web,0,2020,0.8866102125106717,47,88.66102125106717,Kurir,Mencari pekerjaan/menyiapkan usaha,1,18336,18420,10,-2,1,1,0
2020-05-31,73,lowongan kurir+lowongan kerja kurir,ID,2020-01-01 2020-10-31,web,0,2020,0.8866102125106717,73,88.66102125106717,Kurir,Mencari pekerjaan/menyiapkan usaha,1,18336,18420,11,-1,1,1,0
2020-06-07,75,lowongan kurir+lowongan kerja kurir,ID,2020-01-01 2020-10-31,web,0,2020,0.8866102125106717,75,88.66102125106717,Kurir,Mencari pekerjaan/menyiapkan usaha,1,18336,18420,12,0,1,1,0
2020-06-14,82,lowongan kurir+lowongan kerja kurir,ID,2020-01-01 2020-10-31,web,0,2020,0.8866102125106717,82,88.66102125106717,Kurir,Mencari pekerjaan/menyiapkan usaha,1,18336,18420,13,1,1,1,1
2020-06-21,93,lowongan kurir+lowongan kerja kurir,ID,2020-01-01 2020-10-31,web,0,2020,0.8866102125106717,93,88.66102125106717,Kurir,Mencari pekerjaan/menyiapkan usaha,1,18336,18420,14,2,1,1,1
2020-06-28,80,lowongan kurir+lowongan kerja kurir,ID,2020-01-01 2020-10-31,web,0,2020,0.8866102125106717,80,88.66102125106717,Kurir,Mencari pekerjaan/menyiapkan usaha,1,18336,18420,15,3,1,1,1
2020-07-05,86,lowongan kurir+lowongan kerja kurir,ID,2020-01-01 2020-10-31,web,0,2020,0.8866102125106717,86.00000000000001,88.66102125106717,Kurir,Mencari pekerjaan/menyiapkan usaha,1,18336,18420,16,4,1,1,1
2020-07-12,100,lowongan kurir+lowongan kerja kurir,ID,2020-01-01 2020-10-31,web,0,2020,0.8866102125106717,100,88.66102125106717,Kurir,Mencari pekerjaan/menyiapkan usaha,1,18336,18420,17,5,1,1,1
2020-07-19,58,lowongan kurir+lowongan kerja kurir,ID,2020-01-01 2020-10-31,web,0,2020,0.8866102125106717,58.00000000000001,88.66102125106717,Kurir,Mencari pekerjaan/menyiapkan usaha,1,18336,18420,18,6,1,1,1
2020-07-26,54,lowongan kurir+lowongan kerja kurir,ID,2020-01-01 2020-10-31,web,0,2020,0.8866102125106717,54,88.66102125106717,Kurir,Mencari pekerjaan/menyiapkan usaha,1,18336,18420,19,7,1,1,1
2020-08-02,61,lowongan kurir+lowongan kerja kurir,ID,2020-01-01 2020-10-31,web,0,2020,0.8866102125106717,61,88.66102125106717,Kurir,Mencari pekerjaan/menyiapkan usaha,1,18336,18420,20,8,1,1,1
2020-08-09,45,lowongan kurir+lowongan kerja kurir,ID,2020-01-01 2020-10-31,web,0,2020,0.8866102125106717,45.00000000000001,88.66102125106717,Kurir,Mencari pekerjaan/menyiapkan usaha,1,18336,18420,21,9,1,1,1
2020-08-16,48,lowongan kurir+lowongan kerja kurir,ID,2020-01-01 2020-10-31,web,0,2020,0.8866102125106717,48,88.66102125106717,Kurir,Mencari pekerjaan/menyiapkan usaha,1,18336,18420,22,10,1,1,1
2020-08-23,68,lowongan kurir+lowongan kerja kurir,ID,2020-01-01 2020-10-31,web,0,2020,0.8866102125106717,68,88.66102125106717,Kurir,Mencari pekerjaan/menyiapkan usaha,1,18336,18420,23,11,1,1,1
2020-08-30,43,lowongan kurir+lowongan kerja kurir,ID,2020-01-01 2020-10-31,web,0,2020,0.8866102125106717,43.00000000000001,88.66102125106717,Kurir,Mencari pekerjaan/menyiapkan usaha,1,18336,18420,24,12,1,1,1
2020-09-06,47,lowongan kurir+lowongan kerja kurir,ID,2020-01-01 2020-10-31,web,0,2020,0.8866102125106717,47,88.66102125106717,Kurir,Mencari pekerjaan/menyiapkan usaha,1,18336,18420,25,13,1,1,1
2020-09-13,72,lowongan kurir+lowongan kerja kurir,ID,2020-01-01 2020-10-31,web,0,2020,0.8866102125106717,72,88.66102125106717,Kurir,Mencari pekerjaan/menyiapkan usaha,1,18336,18420,26,14,1,1,1
2020-09-20,31,lowongan kurir+lowongan kerja kurir,ID,2020-01-01 2020-10-31,web,0,2020,0.8866102125106717,31,88.66102125106717,Kurir,Mencari pekerjaan/menyiapkan usaha,1,18336,18420,27,15,1,1,1
2020-09-27,42,lowongan kurir+lowongan kerja kurir,ID,2020-01-01 2020-10-31,web,0,2020,0.8866102125106717,42.00000000000001,88.66102125106717,Kurir,Mencari pekerjaan/menyiapkan usaha,1,18336,18420,28,16,1,1,1
2020-10-04,26,lowongan kurir+lowongan kerja kurir,ID,2020-01-01 2020-10-31,web,0,2020,0.8866102125106717,26,88.66102125106717,Kurir,Mencari pekerjaan/menyiapkan usaha,1,18336,18420,29,17,1,1,1
2020-10-11,53,lowongan kurir+lowongan kerja kurir,ID,2020-01-01 2020-10-31,web,0,2020,0.8866102125106717,53,88.66102125106717,Kurir,Mencari pekerjaan/menyiapkan usaha,1,18336,18420,30,18,1,1,1
2020-10-18,36,lowongan kurir+lowongan kerja kurir,ID,2020-01-01 2020-10-31,web,0,2020,0.8866102125106717,36,88.66102125106717,Kurir,Mencari pekerjaan/menyiapkan usaha,1,18336,18420,31,19,1,1,1
2020-10-25,48,lowongan kurir+lowongan kerja kurir,ID,2020-01-01 2020-10-31,web,0,2020,0.8866102125106717,48,88.66102125106717,Kurir,Mencari pekerjaan/menyiapkan usaha,1,18336,18420,32,20,1,1,1
2020-01-05,99,daftar gojek+daftar grab,ID,2020-01-01 2020-10-31,web,0,2020,1.3711994443216615,99,137.11994443216616,Driver online,Mencari pekerjaan/menyiapkan usaha,1,18336,18420,-10,-22,1,0,0
2020-01-12,100,daftar gojek+daftar grab,ID,2020-01-01 2020-10-31,web,0,2020,1.3711994443216615,100,137.11994443216616,Driver online,Mencari pekerjaan/menyiapkan usaha,1,18336,18420,-9,-21,1,0,0
2020-01-19,79,daftar gojek+daftar grab,ID,2020-01-01 2020-10-31,web,0,2020,1.3711994443216615,79,137.11994443216616,Driver online,Mencari pekerjaan/menyiapkan usaha,1,18336,18420,-8,-20,1,0,0
2020-01-26,75,daftar gojek+daftar grab,ID,2020-01-01 2020-10-31,web,0,2020,1.3711994443216615,75.00000000000001,137.11994443216616,Driver online,Mencari pekerjaan/menyiapkan usaha,1,18336,18420,-7,-19,1,0,0
2020-02-02,73,daftar gojek+daftar grab,ID,2020-01-01 2020-10-31,web,0,2020,1.3711994443216615,73,137.11994443216616,Driver online,Mencari pekerjaan/menyiapkan usaha,1,18336,18420,-6,-18,1,0,0
2020-02-09,66,daftar gojek+daftar grab,ID,2020-01-01 2020-10-31,web,0,2020,1.3711994443216615,66,137.11994443216616,Driver online,Mencari pekerjaan/menyiapkan usaha,1,18336,18420,-5,-17,1,0,0
2020-02-16,56,daftar gojek+daftar grab,ID,2020-01-01 2020-10-31,web,0,2020,1.3711994443216615,56.00000000000001,137.11994443216616,Driver online,Mencari pekerjaan/menyiapkan usaha,1,18336,18420,-4,-16,1,0,0
2020-02-23,58,daftar gojek+daftar grab,ID,2020-01-01 2020-10-31,web,0,2020,1.3711994443216615,58.00000000000001,137.11994443216616,Driver online,Mencari pekerjaan/menyiapkan usaha,1,18336,18420,-3,-15,1,0,0
2020-03-01,56,daftar gojek+daftar grab,ID,2020-01-01 2020-10-31,web,0,2020,1.3711994443216615,56.00000000000001,137.11994443216616,Driver online,Mencari pekerjaan/menyiapkan usaha,1,18336,18420,-2,-14,1,0,0
2020-03-08,52,daftar gojek+daftar grab,ID,2020-01-01 2020-10-31,web,0,2020,1.3711994443216615,52,137.11994443216616,Driver online,Mencari pekerjaan/menyiapkan usaha,1,18336,18420,-1,-13,1,0,0
2020-03-15,43,daftar gojek+daftar grab,ID,2020-01-01 2020-10-31,web,0,2020,1.3711994443216615,43.00000000000001,137.11994443216616,Driver online,Mencari pekerjaan/menyiapkan usaha,1,18336,18420,0,-12,1,0,0
2020-03-22,26,daftar gojek+daftar grab,ID,2020-01-01 2020-10-31,web,0,2020,1.3711994443216615,26,137.11994443216616,Driver online,Mencari pekerjaan/menyiapkan usaha,1,18336,18420,1,-11,1,1,0
2020-03-29,26,daftar gojek+daftar grab,ID,2020-01-01 2020-10-31,web,0,2020,1.3711994443216615,26,137.11994443216616,Driver online,Mencari pekerjaan/menyiapkan usaha,1,18336,18420,2,-10,1,1,0
2020-04-05,41,daftar gojek+daftar grab,ID,2020-01-01 2020-10-31,web,0,2020,1.3711994443216615,41,137.11994443216616,Driver online,Mencari pekerjaan/menyiapkan usaha,1,18336,18420,3,-9,1,1,0
2020-04-12,27,daftar gojek+daftar grab,ID,2020-01-01 2020-10-31,web,0,2020,1.3711994443216615,27,137.11994443216616,Driver online,Mencari pekerjaan/menyiapkan usaha,1,18336,18420,4,-8,1,1,0
2020-04-19,24,daftar gojek+daftar grab,ID,2020-01-01 2020-10-31,web,0,2020,1.3711994443216615,24,137.11994443216616,Driver online,Mencari pekerjaan/menyiapkan usaha,1,18336,18420,5,-7,1,1,0
2020-04-26,25,daftar gojek+daftar grab,ID,2020-01-01 2020-10-31,web,0,2020,1.3711994443216615,25,137.11994443216616,Driver online,Mencari pekerjaan/menyiapkan usaha,1,18336,18420,6,-6,1,1,0
2020-05-03,20,daftar gojek+daftar grab,ID,2020-01-01 2020-10-31,web,0,2020,1.3711994443216615,20,137.11994443216616,Driver online,Mencari pekerjaan/menyiapkan usaha,1,18336,18420,7,-5,1,1,0
2020-05-10,21,daftar gojek+daftar grab,ID,2020-01-01 2020-10-31,web,0,2020,1.3711994443216615,21.000000000000004,137.11994443216616,Driver online,Mencari pekerjaan/menyiapkan usaha,1,18336,18420,8,-4,1,1,0
2020-05-17,16,daftar gojek+daftar grab,ID,2020-01-01 2020-10-31,web,0,2020,1.3711994443216615,16,137.11994443216616,Driver online,Mencari pekerjaan/menyiapkan usaha,1,18336,18420,9,-3,1,1,0
2020-05-24,29,daftar gojek+daftar grab,ID,2020-01-01 2020-10-31,web,0,2020,1.3711994443216615,29.000000000000004,137.11994443216616,Driver online,Mencari pekerjaan/menyiapkan usaha,1,18336,18420,10,-2,1,1,0
2020-05-31,39,daftar gojek+daftar grab,ID,2020-01-01 2020-10-31,web,0,2020,1.3711994443216615,39.00000000000001,137.11994443216616,Driver online,Mencari pekerjaan/menyiapkan usaha,1,18336,18420,11,-1,1,1,0
2020-06-07,42,daftar gojek+daftar grab,ID,2020-01-01 2020-10-31,web,0,2020,1.3711994443216615,42.00000000000001,137.11994443216616,Driver online,Mencari pekerjaan/menyiapkan usaha,1,18336,18420,12,0,1,1,0
2020-06-14,47,daftar gojek+daftar grab,ID,2020-01-01 2020-10-31,web,0,2020,1.3711994443216615,47,137.11994443216616,Driver online,Mencari pekerjaan/menyiapkan usaha,1,18336,18420,13,1,1,1,1
2020-06-21,37,daftar gojek+daftar grab,ID,2020-01-01 2020-10-31,web,0,2020,1.3711994443216615,37,137.11994443216616,Driver online,Mencari pekerjaan/menyiapkan usaha,1,18336,18420,14,2,1,1,1
2020-06-28,34,daftar gojek+daftar grab,ID,2020-01-01 2020-10-31,web,0,2020,1.3711994443216615,34,137.11994443216616,Driver online,Mencari pekerjaan/menyiapkan usaha,1,18336,18420,15,3,1,1,1
2020-07-05,35,daftar gojek+daftar grab,ID,2020-01-01 2020-10-31,web,0,2020,1.3711994443216615,35,137.11994443216616,Driver online,Mencari pekerjaan/menyiapkan usaha,1,18336,18420,16,4,1,1,1
2020-07-12,37,daftar gojek+daftar grab,ID,2020-01-01 2020-10-31,web,0,2020,1.3711994443216615,37,137.11994443216616,Driver online,Mencari pekerjaan/menyiapkan usaha,1,18336,18420,17,5,1,1,1
2020-07-19,35,daftar gojek+daftar grab,ID,2020-01-01 2020-10-31,web,0,2020,1.3711994443216615,35,137.11994443216616,Driver online,Mencari pekerjaan/menyiapkan usaha,1,18336,18420,18,6,1,1,1
2020-07-26,31,daftar gojek+daftar grab,ID,2020-01-01 2020-10-31,web,0,2020,1.3711994443216615,31.000000000000007,137.11994443216616,Driver online,Mencari pekerjaan/menyiapkan usaha,1,18336,18420,19,7,1,1,1
2020-08-02,29,daftar gojek+daftar grab,ID,2020-01-01 2020-10-31,web,0,2020,1.3711994443216615,29.000000000000004,137.11994443216616,Driver online,Mencari pekerjaan/menyiapkan usaha,1,18336,18420,20,8,1,1,1
2020-08-09,25,daftar gojek+daftar grab,ID,2020-01-01 2020-10-31,web,0,2020,1.3711994443216615,25,137.11994443216616,Driver online,Mencari pekerjaan/menyiapkan usaha,1,18336,18420,21,9,1,1,1
2020-08-16,32,daftar gojek+daftar grab,ID,2020-01-01 2020-10-31,web,0,2020,1.3711994443216615,32,137.11994443216616,Driver online,Mencari pekerjaan/menyiapkan usaha,1,18336,18420,22,10,1,1,1
2020-08-23,29,daftar gojek+daftar grab,ID,2020-01-01 2020-10-31,web,0,2020,1.3711994443216615,29.000000000000004,137.11994443216616,Driver online,Mencari pekerjaan/menyiapkan usaha,1,18336,18420,23,11,1,1,1
2020-08-30,29,daftar gojek+daftar grab,ID,2020-01-01 2020-10-31,web,0,2020,1.3711994443216615,29.000000000000004,137.11994443216616,Driver online,Mencari pekerjaan/menyiapkan usaha,1,18336,18420,24,12,1,1,1
2020-09-06,26,daftar gojek+daftar grab,ID,2020-01-01 2020-10-31,web,0,2020,1.3711994443216615,26,137.11994443216616,Driver online,Mencari pekerjaan/menyiapkan usaha,1,18336,18420,25,13,1,1,1
2020-09-13,23,daftar gojek+daftar grab,ID,2020-01-01 2020-10-31,web,0,2020,1.3711994443216615,23,137.11994443216616,Driver online,Mencari pekerjaan/menyiapkan usaha,1,18336,18420,26,14,1,1,1
2020-09-20,23,daftar gojek+daftar grab,ID,2020-01-01 2020-10-31,web,0,2020,1.3711994443216615,23,137.11994443216616,Driver online,Mencari pekerjaan/menyiapkan usaha,1,18336,18420,27,15,1,1,1
2020-09-27,22,daftar gojek+daftar grab,ID,2020-01-01 2020-10-31,web,0,2020,1.3711994443216615,22,137.11994443216616,Driver online,Mencari pekerjaan/menyiapkan usaha,1,18336,18420,28,16,1,1,1
2020-10-04,21,daftar gojek+daftar grab,ID,2020-01-01 2020-10-31,web,0,2020,1.3711994443216615,21.000000000000004,137.11994443216616,Driver online,Mencari pekerjaan/menyiapkan usaha,1,18336,18420,29,17,1,1,1
2020-10-11,23,daftar gojek+daftar grab,ID,2020-01-01 2020-10-31,web,0,2020,1.3711994443216615,23,137.11994443216616,Driver online,Mencari pekerjaan/menyiapkan usaha,1,18336,18420,30,18,1,1,1
2020-10-18,20,daftar gojek+daftar grab,ID,2020-01-01 2020-10-31,web,0,2020,1.3711994443216615,20,137.11994443216616,Driver online,Mencari pekerjaan/menyiapkan usaha,1,18336,18420,31,19,1,1,1
2020-10-25,16,daftar gojek+daftar grab,ID,2020-01-01 2020-10-31,web,0,2020,1.3711994443216615,16,137.11994443216616,Driver online,Mencari pekerjaan/menyiapkan usaha,1,18336,18420,32,20,1,1,1
2020-01-05,61,modal jualan+cara jualan online,ID,2020-01-01 2020-10-31,web,0,2020,1.008879998160539,61,100.88799981605388,Berjualan,Mencari pekerjaan/menyiapkan usaha,1,18336,18420,-10,-22,1,0,0
2020-01-12,50,modal jualan+cara jualan online,ID,2020-01-01 2020-10-31,web,0,2020,1.008879998160539,50,100.88799981605388,Berjualan,Mencari pekerjaan/menyiapkan usaha,1,18336,18420,-9,-21,1,0,0
2020-01-19,35,modal jualan+cara jualan online,ID,2020-01-01 2020-10-31,web,0,2020,1.008879998160539,35,100.88799981605388,Berjualan,Mencari pekerjaan/menyiapkan usaha,1,18336,18420,-8,-20,1,0,0
2020-01-26,57,modal jualan+cara jualan online,ID,2020-01-01 2020-10-31,web,0,2020,1.008879998160539,57.00000000000001,100.88799981605388,Berjualan,Mencari pekerjaan/menyiapkan usaha,1,18336,18420,-7,-19,1,0,0
2020-02-02,47,modal jualan+cara jualan online,ID,2020-01-01 2020-10-31,web,0,2020,1.008879998160539,47,100.88799981605388,Berjualan,Mencari pekerjaan/menyiapkan usaha,1,18336,18420,-6,-18,1,0,0
2020-02-09,41,modal jualan+cara jualan online,ID,2020-01-01 2020-10-31,web,0,2020,1.008879998160539,41,100.88799981605388,Berjualan,Mencari pekerjaan/menyiapkan usaha,1,18336,18420,-5,-17,1,0,0
2020-02-16,57,modal jualan+cara jualan online,ID,2020-01-01 2020-10-31,web,0,2020,1.008879998160539,57.00000000000001,100.88799981605388,Berjualan,Mencari pekerjaan/menyiapkan usaha,1,18336,18420,-4,-16,1,0,0
2020-02-23,34,modal jualan+cara jualan online,ID,2020-01-01 2020-10-31,web,0,2020,1.008879998160539,34,100.88799981605388,Berjualan,Mencari pekerjaan/menyiapkan usaha,1,18336,18420,-3,-15,1,0,0
2020-03-01,28,modal jualan+cara jualan online,ID,2020-01-01 2020-10-31,web,0,2020,1.008879998160539,27.999999999999996,100.88799981605388,Berjualan,Mencari pekerjaan/menyiapkan usaha,1,18336,18420,-2,-14,1,0,0
2020-03-08,50,modal jualan+cara jualan online,ID,2020-01-01 2020-10-31,web,0,2020,1.008879998160539,50,100.88799981605388,Berjualan,Mencari pekerjaan/menyiapkan usaha,1,18336,18420,-1,-13,1,0,0
2020-03-15,27,modal jualan+cara jualan online,ID,2020-01-01 2020-10-31,web,0,2020,1.008879998160539,27,100.88799981605388,Berjualan,Mencari pekerjaan/menyiapkan usaha,1,18336,18420,0,-12,1,0,0
2020-03-22,36,modal jualan+cara jualan online,ID,2020-01-01 2020-10-31,web,0,2020,1.008879998160539,36.00000000000001,100.88799981605388,Berjualan,Mencari pekerjaan/menyiapkan usaha,1,18336,18420,1,-11,1,1,0
2020-03-29,50,modal jualan+cara jualan online,ID,2020-01-01 2020-10-31,web,0,2020,1.008879998160539,50,100.88799981605388,Berjualan,Mencari pekerjaan/menyiapkan usaha,1,18336,18420,2,-10,1,1,0
2020-04-05,46,modal jualan+cara jualan online,ID,2020-01-01 2020-10-31,web,0,2020,1.008879998160539,46.00000000000001,100.88799981605388,Berjualan,Mencari pekerjaan/menyiapkan usaha,1,18336,18420,3,-9,1,1,0
2020-04-12,43,modal jualan+cara jualan online,ID,2020-01-01 2020-10-31,web,0,2020,1.008879998160539,43,100.88799981605388,Berjualan,Mencari pekerjaan/menyiapkan usaha,1,18336,18420,4,-8,1,1,0
2020-04-19,56,modal jualan+cara jualan online,ID,2020-01-01 2020-10-31,web,0,2020,1.008879998160539,55.99999999999999,100.88799981605388,Berjualan,Mencari pekerjaan/menyiapkan usaha,1,18336,18420,5,-7,1,1,0
2020-04-26,62,modal jualan+cara jualan online,ID,2020-01-01 2020-10-31,web,0,2020,1.008879998160539,62.000000000000014,100.88799981605388,Berjualan,Mencari pekerjaan/menyiapkan usaha,1,18336,18420,6,-6,1,1,0
2020-05-03,62,modal jualan+cara jualan online,ID,2020-01-01 2020-10-31,web,0,2020,1.008879998160539,62.000000000000014,100.88799981605388,Berjualan,Mencari pekerjaan/menyiapkan usaha,1,18336,18420,7,-5,1,1,0
2020-05-10,33,modal jualan+cara jualan online,ID,2020-01-01 2020-10-31,web,0,2020,1.008879998160539,33,100.88799981605388,Berjualan,Mencari pekerjaan/menyiapkan usaha,1,18336,18420,8,-4,1,1,0
2020-05-17,35,modal jualan+cara jualan online,ID,2020-01-01 2020-10-31,web,0,2020,1.008879998160539,35,100.88799981605388,Berjualan,Mencari pekerjaan/menyiapkan usaha,1,18336,18420,9,-3,1,1,0
2020-05-24,86,modal jualan+cara jualan online,ID,2020-01-01 2020-10-31,web,0,2020,1.008879998160539,86,100.88799981605388,Berjualan,Mencari pekerjaan/menyiapkan usaha,1,18336,18420,10,-2,1,1,0
2020-05-31,59,modal jualan+cara jualan online,ID,2020-01-01 2020-10-31,web,0,2020,1.008879998160539,59.00000000000001,100.88799981605388,Berjualan,Mencari pekerjaan/menyiapkan usaha,1,18336,18420,11,-1,1,1,0
2020-06-07,93,modal jualan+cara jualan online,ID,2020-01-01 2020-10-31,web,0,2020,1.008879998160539,93,100.88799981605388,Berjualan,Mencari pekerjaan/menyiapkan usaha,1,18336,18420,12,0,1,1,0
2020-06-14,68,modal jualan+cara jualan online,ID,2020-01-01 2020-10-31,web,0,2020,1.008879998160539,68,100.88799981605388,Berjualan,Mencari pekerjaan/menyiapkan usaha,1,18336,18420,13,1,1,1,1
2020-06-21,88,modal jualan+cara jualan online,ID,2020-01-01 2020-10-31,web,0,2020,1.008879998160539,88,100.88799981605388,Berjualan,Mencari pekerjaan/menyiapkan usaha,1,18336,18420,14,2,1,1,1
2020-06-28,66,modal jualan+cara jualan online,ID,2020-01-01 2020-10-31,web,0,2020,1.008879998160539,66,100.88799981605388,Berjualan,Mencari pekerjaan/menyiapkan usaha,1,18336,18420,15,3,1,1,1
2020-07-05,100,modal jualan+cara jualan online,ID,2020-01-01 2020-10-31,web,0,2020,1.008879998160539,100,100.88799981605388,Berjualan,Mencari pekerjaan/menyiapkan usaha,1,18336,18420,16,4,1,1,1
2020-07-12,49,modal jualan+cara jualan online,ID,2020-01-01 2020-10-31,web,0,2020,1.008879998160539,49,100.88799981605388,Berjualan,Mencari pekerjaan/menyiapkan usaha,1,18336,18420,17,5,1,1,1
2020-07-19,63,modal jualan+cara jualan online,ID,2020-01-01 2020-10-31,web,0,2020,1.008879998160539,63,100.88799981605388,Berjualan,Mencari pekerjaan/menyiapkan usaha,1,18336,18420,18,6,1,1,1
2020-07-26,53,modal jualan+cara jualan online,ID,2020-01-01 2020-10-31,web,0,2020,1.008879998160539,53,100.88799981605388,Berjualan,Mencari pekerjaan/menyiapkan usaha,1,18336,18420,19,7,1,1,1
2020-08-02,40,modal jualan+cara jualan online,ID,2020-01-01 2020-10-31,web,0,2020,1.008879998160539,40.00000000000001,100.88799981605388,Berjualan,Mencari pekerjaan/menyiapkan usaha,1,18336,18420,20,8,1,1,1
2020-08-09,59,modal jualan+cara jualan online,ID,2020-01-01 2020-10-31,web,0,2020,1.008879998160539,59.00000000000001,100.88799981605388,Berjualan,Mencari pekerjaan/menyiapkan usaha,1,18336,18420,21,9,1,1,1
2020-08-16,46,modal jualan+cara jualan online,ID,2020-01-01 2020-10-31,web,0,2020,1.008879998160539,46.00000000000001,100.88799981605388,Berjualan,Mencari pekerjaan/menyiapkan usaha,1,18336,18420,22,10,1,1,1
2020-08-23,51,modal jualan+cara jualan online,ID,2020-01-01 2020-10-31,web,0,2020,1.008879998160539,51,100.88799981605388,Berjualan,Mencari pekerjaan/menyiapkan usaha,1,18336,18420,23,11,1,1,1
2020-08-30,65,modal jualan+cara jualan online,ID,2020-01-01 2020-10-31,web,0,2020,1.008879998160539,65,100.88799981605388,Berjualan,Mencari pekerjaan/menyiapkan usaha,1,18336,18420,24,12,1,1,1
2020-09-06,34,modal jualan+cara jualan online,ID,2020-01-01 2020-10-31,web,0,2020,1.008879998160539,34,100.88799981605388,Berjualan,Mencari pekerjaan/menyiapkan usaha,1,18336,18420,25,13,1,1,1
2020-09-13,49,modal jualan+cara jualan online,ID,2020-01-01 2020-10-31,web,0,2020,1.008879998160539,49,100.88799981605388,Berjualan,Mencari pekerjaan/menyiapkan usaha,1,18336,18420,26,14,1,1,1
2020-09-20,50,modal jualan+cara jualan online,ID,2020-01-01 2020-10-31,web,0,2020,1.008879998160539,50,100.88799981605388,Berjualan,Mencari pekerjaan/menyiapkan usaha,1,18336,18420,27,15,1,1,1
2020-09-27,51,modal jualan+cara jualan online,ID,2020-01-01 2020-10-31,web,0,2020,1.008879998160539,51,100.88799981605388,Berjualan,Mencari pekerjaan/menyiapkan usaha,1,18336,18420,28,16,1,1,1
2020-10-04,47,modal jualan+cara jualan online,ID,2020-01-01 2020-10-31,web,0,2020,1.008879998160539,47,100.88799981605388,Berjualan,Mencari pekerjaan/menyiapkan usaha,1,18336,18420,29,17,1,1,1
2020-10-11,35,modal jualan+cara jualan online,ID,2020-01-01 2020-10-31,web,0,2020,1.008879998160539,35,100.88799981605388,Berjualan,Mencari pekerjaan/menyiapkan usaha,1,18336,18420,30,18,1,1,1
2020-10-18,66,modal jualan+cara jualan online,ID,2020-01-01 2020-10-31,web,0,2020,1.008879998160539,66,100.88799981605388,Berjualan,Mencari pekerjaan/menyiapkan usaha,1,18336,18420,31,19,1,1,1
2020-10-25,61,modal jualan+cara jualan online,ID,2020-01-01 2020-10-31,web,0,2020,1.008879998160539,61,100.88799981605388,Berjualan,Mencari pekerjaan/menyiapkan usaha,1,18336,18420,32,20,1,1,1
