date,grsr,keyword,geo,time,gprop,category,period,weight,grsr_n,mx,categories,categories2,selected,pts1a,pts1b,pts2,days1a,days1b,days2,grp,post1a,post1b,post2
2019-01-06,13,"""phk buruh""+""phk karyawan""+""phk corona""",ID,2019-01-01 2019-10-31,web,0,2019,0.7453372675495779,13,74.53372675495778,PHK,PHK,1,17972,17993,18049,-10,-13,-21,0,0,0,0
2019-01-13,24,"""phk buruh""+""phk karyawan""+""phk corona""",ID,2019-01-01 2019-10-31,web,0,2019,0.7453372675495779,24.000000000000004,74.53372675495778,PHK,PHK,1,17972,17993,18049,-9,-12,-20,0,0,0,0
2019-01-20,20,"""phk buruh""+""phk karyawan""+""phk corona""",ID,2019-01-01 2019-10-31,web,0,2019,0.7453372675495779,20,74.53372675495778,PHK,PHK,1,17972,17993,18049,-8,-11,-19,0,0,0,0
2019-01-27,4,"""phk buruh""+""phk karyawan""+""phk corona""",ID,2019-01-01 2019-10-31,web,0,2019,0.7453372675495779,4,74.53372675495778,PHK,PHK,1,17972,17993,18049,-7,-10,-18,0,0,0,0
2019-02-03,13,"""phk buruh""+""phk karyawan""+""phk corona""",ID,2019-01-01 2019-10-31,web,0,2019,0.7453372675495779,13,74.53372675495778,PHK,PHK,1,17972,17993,18049,-6,-9,-17,0,0,0,0
2019-02-10,12,"""phk buruh""+""phk karyawan""+""phk corona""",ID,2019-01-01 2019-10-31,web,0,2019,0.7453372675495779,12.000000000000002,74.53372675495778,PHK,PHK,1,17972,17993,18049,-5,-8,-16,0,0,0,0
2019-02-17,10,"""phk buruh""+""phk karyawan""+""phk corona""",ID,2019-01-01 2019-10-31,web,0,2019,0.7453372675495779,10,74.53372675495778,PHK,PHK,1,17972,17993,18049,-4,-7,-15,0,0,0,0
2019-02-24,12,"""phk buruh""+""phk karyawan""+""phk corona""",ID,2019-01-01 2019-10-31,web,0,2019,0.7453372675495779,12.000000000000002,74.53372675495778,PHK,PHK,1,17972,17993,18049,-3,-6,-14,0,0,0,0
2019-03-03,11,"""phk buruh""+""phk karyawan""+""phk corona""",ID,2019-01-01 2019-10-31,web,0,2019,0.7453372675495779,11,74.53372675495778,PHK,PHK,1,17972,17993,18049,-2,-5,-13,0,0,0,0
2019-03-10,17,"""phk buruh""+""phk karyawan""+""phk corona""",ID,2019-01-01 2019-10-31,web,0,2019,0.7453372675495779,17,74.53372675495778,PHK,PHK,1,17972,17993,18049,-1,-4,-12,0,0,0,0
2019-03-17,12,"""phk buruh""+""phk karyawan""+""phk corona""",ID,2019-01-01 2019-10-31,web,0,2019,0.7453372675495779,12.000000000000002,74.53372675495778,PHK,PHK,1,17972,17993,18049,0,-3,-11,0,0,0,0
2019-03-24,10,"""phk buruh""+""phk karyawan""+""phk corona""",ID,2019-01-01 2019-10-31,web,0,2019,0.7453372675495779,10,74.53372675495778,PHK,PHK,1,17972,17993,18049,1,-2,-10,0,1,0,0
2019-03-31,15,"""phk buruh""+""phk karyawan""+""phk corona""",ID,2019-01-01 2019-10-31,web,0,2019,0.7453372675495779,15,74.53372675495778,PHK,PHK,1,17972,17993,18049,2,-1,-9,0,1,0,0
2019-04-07,11,"""phk buruh""+""phk karyawan""+""phk corona""",ID,2019-01-01 2019-10-31,web,0,2019,0.7453372675495779,11,74.53372675495778,PHK,PHK,1,17972,17993,18049,3,0,-8,0,1,0,0
2019-04-14,9,"""phk buruh""+""phk karyawan""+""phk corona""",ID,2019-01-01 2019-10-31,web,0,2019,0.7453372675495779,9.000000000000002,74.53372675495778,PHK,PHK,1,17972,17993,18049,4,1,-7,0,1,1,0
2019-04-21,13,"""phk buruh""+""phk karyawan""+""phk corona""",ID,2019-01-01 2019-10-31,web,0,2019,0.7453372675495779,13,74.53372675495778,PHK,PHK,1,17972,17993,18049,5,2,-6,0,1,1,0
2019-04-28,17,"""phk buruh""+""phk karyawan""+""phk corona""",ID,2019-01-01 2019-10-31,web,0,2019,0.7453372675495779,17,74.53372675495778,PHK,PHK,1,17972,17993,18049,6,3,-5,0,1,1,0
2019-05-05,13,"""phk buruh""+""phk karyawan""+""phk corona""",ID,2019-01-01 2019-10-31,web,0,2019,0.7453372675495779,13,74.53372675495778,PHK,PHK,1,17972,17993,18049,7,4,-4,0,1,1,0
2019-05-12,13,"""phk buruh""+""phk karyawan""+""phk corona""",ID,2019-01-01 2019-10-31,web,0,2019,0.7453372675495779,13,74.53372675495778,PHK,PHK,1,17972,17993,18049,8,5,-3,0,1,1,0
2019-05-19,15,"""phk buruh""+""phk karyawan""+""phk corona""",ID,2019-01-01 2019-10-31,web,0,2019,0.7453372675495779,15,74.53372675495778,PHK,PHK,1,17972,17993,18049,9,6,-2,0,1,1,0
2019-05-26,11,"""phk buruh""+""phk karyawan""+""phk corona""",ID,2019-01-01 2019-10-31,web,0,2019,0.7453372675495779,11,74.53372675495778,PHK,PHK,1,17972,17993,18049,10,7,-1,0,1,1,0
2019-06-02,5,"""phk buruh""+""phk karyawan""+""phk corona""",ID,2019-01-01 2019-10-31,web,0,2019,0.7453372675495779,5,74.53372675495778,PHK,PHK,1,17972,17993,18049,11,8,0,0,1,1,0
2019-06-09,6,"""phk buruh""+""phk karyawan""+""phk corona""",ID,2019-01-01 2019-10-31,web,0,2019,0.7453372675495779,6.000000000000001,74.53372675495778,PHK,PHK,1,17972,17993,18049,12,9,1,0,1,1,1
2019-06-16,29,"""phk buruh""+""phk karyawan""+""phk corona""",ID,2019-01-01 2019-10-31,web,0,2019,0.7453372675495779,29.000000000000004,74.53372675495778,PHK,PHK,1,17972,17993,18049,13,10,2,0,1,1,1
2019-06-23,26,"""phk buruh""+""phk karyawan""+""phk corona""",ID,2019-01-01 2019-10-31,web,0,2019,0.7453372675495779,26,74.53372675495778,PHK,PHK,1,17972,17993,18049,14,11,3,0,1,1,1
2019-06-30,29,"""phk buruh""+""phk karyawan""+""phk corona""",ID,2019-01-01 2019-10-31,web,0,2019,0.7453372675495779,29.000000000000004,74.53372675495778,PHK,PHK,1,17972,17993,18049,15,12,4,0,1,1,1
2019-07-07,16,"""phk buruh""+""phk karyawan""+""phk corona""",ID,2019-01-01 2019-10-31,web,0,2019,0.7453372675495779,16,74.53372675495778,PHK,PHK,1,17972,17993,18049,16,13,5,0,1,1,1
2019-07-14,17,"""phk buruh""+""phk karyawan""+""phk corona""",ID,2019-01-01 2019-10-31,web,0,2019,0.7453372675495779,17,74.53372675495778,PHK,PHK,1,17972,17993,18049,17,14,6,0,1,1,1
2019-07-21,20,"""phk buruh""+""phk karyawan""+""phk corona""",ID,2019-01-01 2019-10-31,web,0,2019,0.7453372675495779,20,74.53372675495778,PHK,PHK,1,17972,17993,18049,18,15,7,0,1,1,1
2019-07-28,20,"""phk buruh""+""phk karyawan""+""phk corona""",ID,2019-01-01 2019-10-31,web,0,2019,0.7453372675495779,20,74.53372675495778,PHK,PHK,1,17972,17993,18049,19,16,8,0,1,1,1
2019-08-04,29,"""phk buruh""+""phk karyawan""+""phk corona""",ID,2019-01-01 2019-10-31,web,0,2019,0.7453372675495779,29.000000000000004,74.53372675495778,PHK,PHK,1,17972,17993,18049,20,17,9,0,1,1,1
2019-08-11,12,"""phk buruh""+""phk karyawan""+""phk corona""",ID,2019-01-01 2019-10-31,web,0,2019,0.7453372675495779,12.000000000000002,74.53372675495778,PHK,PHK,1,17972,17993,18049,21,18,10,0,1,1,1
2019-08-18,12,"""phk buruh""+""phk karyawan""+""phk corona""",ID,2019-01-01 2019-10-31,web,0,2019,0.7453372675495779,12.000000000000002,74.53372675495778,PHK,PHK,1,17972,17993,18049,22,19,11,0,1,1,1
2019-08-25,14,"""phk buruh""+""phk karyawan""+""phk corona""",ID,2019-01-01 2019-10-31,web,0,2019,0.7453372675495779,13.999999999999998,74.53372675495778,PHK,PHK,1,17972,17993,18049,23,20,12,0,1,1,1
2019-09-01,18,"""phk buruh""+""phk karyawan""+""phk corona""",ID,2019-01-01 2019-10-31,web,0,2019,0.7453372675495779,18.000000000000004,74.53372675495778,PHK,PHK,1,17972,17993,18049,24,21,13,0,1,1,1
2019-09-08,100,"""phk buruh""+""phk karyawan""+""phk corona""",ID,2019-01-01 2019-10-31,web,0,2019,0.7453372675495779,100,74.53372675495778,PHK,PHK,1,17972,17993,18049,25,22,14,0,1,1,1
2019-09-15,25,"""phk buruh""+""phk karyawan""+""phk corona""",ID,2019-01-01 2019-10-31,web,0,2019,0.7453372675495779,25,74.53372675495778,PHK,PHK,1,17972,17993,18049,26,23,15,0,1,1,1
2019-09-22,10,"""phk buruh""+""phk karyawan""+""phk corona""",ID,2019-01-01 2019-10-31,web,0,2019,0.7453372675495779,10,74.53372675495778,PHK,PHK,1,17972,17993,18049,27,24,16,0,1,1,1
2019-09-29,16,"""phk buruh""+""phk karyawan""+""phk corona""",ID,2019-01-01 2019-10-31,web,0,2019,0.7453372675495779,16,74.53372675495778,PHK,PHK,1,17972,17993,18049,28,25,17,0,1,1,1
2019-10-06,37,"""phk buruh""+""phk karyawan""+""phk corona""",ID,2019-01-01 2019-10-31,web,0,2019,0.7453372675495779,37,74.53372675495778,PHK,PHK,1,17972,17993,18049,29,26,18,0,1,1,1
2019-10-13,13,"""phk buruh""+""phk karyawan""+""phk corona""",ID,2019-01-01 2019-10-31,web,0,2019,0.7453372675495779,13,74.53372675495778,PHK,PHK,1,17972,17993,18049,30,27,19,0,1,1,1
2019-10-20,15,"""phk buruh""+""phk karyawan""+""phk corona""",ID,2019-01-01 2019-10-31,web,0,2019,0.7453372675495779,15,74.53372675495778,PHK,PHK,1,17972,17993,18049,31,28,20,0,1,1,1
2019-10-27,23,"""phk buruh""+""phk karyawan""+""phk corona""",ID,2019-01-01 2019-10-31,web,0,2019,0.7453372675495779,23,74.53372675495778,PHK,PHK,1,17972,17993,18049,32,29,21,0,1,1,1
2019-01-06,100,"""jobstreet""",ID,2019-01-01 2019-10-31,web,0,2019,0.8871377554007377,84.45494994438265,105.04271874945844,Situs loker,Mencari pekerjaan/menyiapkan usaha,1,17972,17993,18049,-10,-13,-21,0,0,0,0
2019-01-13,97,"""jobstreet""",ID,2019-01-01 2019-10-31,web,0,2019,0.8871377554007377,81.92130144605116,105.04271874945844,Situs loker,Mencari pekerjaan/menyiapkan usaha,1,17972,17993,18049,-9,-12,-20,0,0,0,0
2019-01-20,98,"""jobstreet""",ID,2019-01-01 2019-10-31,web,0,2019,0.8871377554007377,82.765850945495,105.04271874945844,Situs loker,Mencari pekerjaan/menyiapkan usaha,1,17972,17993,18049,-8,-11,-19,0,0,0,0
2019-01-27,89,"""jobstreet""",ID,2019-01-01 2019-10-31,web,0,2019,0.8871377554007377,75.16490545050057,105.04271874945844,Situs loker,Mencari pekerjaan/menyiapkan usaha,1,17972,17993,18049,-7,-10,-18,0,0,0,0
2019-02-03,84,"""jobstreet""",ID,2019-01-01 2019-10-31,web,0,2019,0.8871377554007377,70.94215795328142,105.04271874945844,Situs loker,Mencari pekerjaan/menyiapkan usaha,1,17972,17993,18049,-6,-9,-17,0,0,0,0
2019-02-10,92,"""jobstreet""",ID,2019-01-01 2019-10-31,web,0,2019,0.8871377554007377,77.69855394883204,105.04271874945844,Situs loker,Mencari pekerjaan/menyiapkan usaha,1,17972,17993,18049,-5,-8,-16,0,0,0,0
2019-02-17,89,"""jobstreet""",ID,2019-01-01 2019-10-31,web,0,2019,0.8871377554007377,75.16490545050057,105.04271874945844,Situs loker,Mencari pekerjaan/menyiapkan usaha,1,17972,17993,18049,-4,-7,-15,0,0,0,0
2019-02-24,79,"""jobstreet""",ID,2019-01-01 2019-10-31,web,0,2019,0.8871377554007377,66.7194104560623,105.04271874945844,Situs loker,Mencari pekerjaan/menyiapkan usaha,1,17972,17993,18049,-3,-6,-14,0,0,0,0
2019-03-03,81,"""jobstreet""",ID,2019-01-01 2019-10-31,web,0,2019,0.8871377554007377,68.40850945494995,105.04271874945844,Situs loker,Mencari pekerjaan/menyiapkan usaha,1,17972,17993,18049,-2,-5,-13,0,0,0,0
2019-03-10,84,"""jobstreet""",ID,2019-01-01 2019-10-31,web,0,2019,0.8871377554007377,70.94215795328142,105.04271874945844,Situs loker,Mencari pekerjaan/menyiapkan usaha,1,17972,17993,18049,-1,-4,-12,0,0,0,0
2019-03-17,79,"""jobstreet""",ID,2019-01-01 2019-10-31,web,0,2019,0.8871377554007377,66.7194104560623,105.04271874945844,Situs loker,Mencari pekerjaan/menyiapkan usaha,1,17972,17993,18049,0,-3,-11,0,0,0,0
2019-03-24,83,"""jobstreet""",ID,2019-01-01 2019-10-31,web,0,2019,0.8871377554007377,70.0976084538376,105.04271874945844,Situs loker,Mencari pekerjaan/menyiapkan usaha,1,17972,17993,18049,1,-2,-10,0,1,0,0
2019-03-31,75,"""jobstreet""",ID,2019-01-01 2019-10-31,web,0,2019,0.8871377554007377,63.34121245828699,105.04271874945844,Situs loker,Mencari pekerjaan/menyiapkan usaha,1,17972,17993,18049,2,-1,-9,0,1,0,0
2019-04-07,80,"""jobstreet""",ID,2019-01-01 2019-10-31,web,0,2019,0.8871377554007377,67.56395995550612,105.04271874945844,Situs loker,Mencari pekerjaan/menyiapkan usaha,1,17972,17993,18049,3,0,-8,0,1,0,0
2019-04-14,54,"""jobstreet""",ID,2019-01-01 2019-10-31,web,0,2019,0.8871377554007377,45.60567296996664,105.04271874945844,Situs loker,Mencari pekerjaan/menyiapkan usaha,1,17972,17993,18049,4,1,-7,0,1,1,0
2019-04-21,73,"""jobstreet""",ID,2019-01-01 2019-10-31,web,0,2019,0.8871377554007377,61.65211345939934,105.04271874945844,Situs loker,Mencari pekerjaan/menyiapkan usaha,1,17972,17993,18049,5,2,-6,0,1,1,0
2019-04-28,69,"""jobstreet""",ID,2019-01-01 2019-10-31,web,0,2019,0.8871377554007377,58.27391546162403,105.04271874945844,Situs loker,Mencari pekerjaan/menyiapkan usaha,1,17972,17993,18049,6,3,-5,0,1,1,0
2019-05-05,72,"""jobstreet""",ID,2019-01-01 2019-10-31,web,0,2019,0.8871377554007377,60.80756395995552,105.04271874945844,Situs loker,Mencari pekerjaan/menyiapkan usaha,1,17972,17993,18049,7,4,-4,0,1,1,0
2019-05-12,71,"""jobstreet""",ID,2019-01-01 2019-10-31,web,0,2019,0.8871377554007377,59.96301446051169,105.04271874945844,Situs loker,Mencari pekerjaan/menyiapkan usaha,1,17972,17993,18049,8,5,-3,0,1,1,0
2019-05-19,63,"""jobstreet""",ID,2019-01-01 2019-10-31,web,0,2019,0.8871377554007377,53.206618464961075,105.04271874945844,Situs loker,Mencari pekerjaan/menyiapkan usaha,1,17972,17993,18049,9,6,-2,0,1,1,0
2019-05-26,48,"""jobstreet""",ID,2019-01-01 2019-10-31,web,0,2019,0.8871377554007377,40.53837597330367,105.04271874945844,Situs loker,Mencari pekerjaan/menyiapkan usaha,1,17972,17993,18049,10,7,-1,0,1,1,0
2019-06-02,38,"""jobstreet""",ID,2019-01-01 2019-10-31,web,0,2019,0.8871377554007377,32.09288097886541,105.04271874945844,Situs loker,Mencari pekerjaan/menyiapkan usaha,1,17972,17993,18049,11,8,0,0,1,1,0
2019-06-09,92,"""jobstreet""",ID,2019-01-01 2019-10-31,web,0,2019,0.8871377554007377,77.69855394883204,105.04271874945844,Situs loker,Mencari pekerjaan/menyiapkan usaha,1,17972,17993,18049,12,9,1,0,1,1,1
2019-06-16,96,"""jobstreet""",ID,2019-01-01 2019-10-31,web,0,2019,0.8871377554007377,81.07675194660735,105.04271874945844,Situs loker,Mencari pekerjaan/menyiapkan usaha,1,17972,17993,18049,13,10,2,0,1,1,1
2019-06-23,92,"""jobstreet""",ID,2019-01-01 2019-10-31,web,0,2019,0.8871377554007377,77.69855394883204,105.04271874945844,Situs loker,Mencari pekerjaan/menyiapkan usaha,1,17972,17993,18049,14,11,3,0,1,1,1
2019-06-30,96,"""jobstreet""",ID,2019-01-01 2019-10-31,web,0,2019,0.8871377554007377,81.07675194660735,105.04271874945844,Situs loker,Mencari pekerjaan/menyiapkan usaha,1,17972,17993,18049,15,12,4,0,1,1,1
2019-07-07,95,"""jobstreet""",ID,2019-01-01 2019-10-31,web,0,2019,0.8871377554007377,80.23220244716352,105.04271874945844,Situs loker,Mencari pekerjaan/menyiapkan usaha,1,17972,17993,18049,16,13,5,0,1,1,1
2019-07-14,99,"""jobstreet""",ID,2019-01-01 2019-10-31,web,0,2019,0.8871377554007377,83.61040044493882,105.04271874945844,Situs loker,Mencari pekerjaan/menyiapkan usaha,1,17972,17993,18049,17,14,6,0,1,1,1
2019-07-21,92,"""jobstreet""",ID,2019-01-01 2019-10-31,web,0,2019,0.8871377554007377,77.69855394883204,105.04271874945844,Situs loker,Mencari pekerjaan/menyiapkan usaha,1,17972,17993,18049,18,15,7,0,1,1,1
2019-07-28,92,"""jobstreet""",ID,2019-01-01 2019-10-31,web,0,2019,0.8871377554007377,77.69855394883204,105.04271874945844,Situs loker,Mencari pekerjaan/menyiapkan usaha,1,17972,17993,18049,19,16,8,0,1,1,1
2019-08-04,89,"""jobstreet""",ID,2019-01-01 2019-10-31,web,0,2019,0.8871377554007377,75.16490545050057,105.04271874945844,Situs loker,Mencari pekerjaan/menyiapkan usaha,1,17972,17993,18049,20,17,9,0,1,1,1
2019-08-11,83,"""jobstreet""",ID,2019-01-01 2019-10-31,web,0,2019,0.8871377554007377,70.0976084538376,105.04271874945844,Situs loker,Mencari pekerjaan/menyiapkan usaha,1,17972,17993,18049,21,18,10,0,1,1,1
2019-08-18,96,"""jobstreet""",ID,2019-01-01 2019-10-31,web,0,2019,0.8871377554007377,81.07675194660735,105.04271874945844,Situs loker,Mencari pekerjaan/menyiapkan usaha,1,17972,17993,18049,22,19,11,0,1,1,1
2019-08-25,89,"""jobstreet""",ID,2019-01-01 2019-10-31,web,0,2019,0.8871377554007377,75.16490545050057,105.04271874945844,Situs loker,Mencari pekerjaan/menyiapkan usaha,1,17972,17993,18049,23,20,12,0,1,1,1
2019-09-01,85,"""jobstreet""",ID,2019-01-01 2019-10-31,web,0,2019,0.8871377554007377,71.78670745272525,105.04271874945844,Situs loker,Mencari pekerjaan/menyiapkan usaha,1,17972,17993,18049,24,21,13,0,1,1,1
2019-09-08,85,"""jobstreet""",ID,2019-01-01 2019-10-31,web,0,2019,0.8871377554007377,71.78670745272525,105.04271874945844,Situs loker,Mencari pekerjaan/menyiapkan usaha,1,17972,17993,18049,25,22,14,0,1,1,1
2019-09-15,90,"""jobstreet""",ID,2019-01-01 2019-10-31,web,0,2019,0.8871377554007377,76.00945494994438,105.04271874945844,Situs loker,Mencari pekerjaan/menyiapkan usaha,1,17972,17993,18049,26,23,15,0,1,1,1
2019-09-22,90,"""jobstreet""",ID,2019-01-01 2019-10-31,web,0,2019,0.8871377554007377,76.00945494994438,105.04271874945844,Situs loker,Mencari pekerjaan/menyiapkan usaha,1,17972,17993,18049,27,24,16,0,1,1,1
2019-09-29,86,"""jobstreet""",ID,2019-01-01 2019-10-31,web,0,2019,0.8871377554007377,72.63125695216908,105.04271874945844,Situs loker,Mencari pekerjaan/menyiapkan usaha,1,17972,17993,18049,28,25,17,0,1,1,1
2019-10-06,89,"""jobstreet""",ID,2019-01-01 2019-10-31,web,0,2019,0.8871377554007377,75.16490545050057,105.04271874945844,Situs loker,Mencari pekerjaan/menyiapkan usaha,1,17972,17993,18049,29,26,18,0,1,1,1
2019-10-13,92,"""jobstreet""",ID,2019-01-01 2019-10-31,web,0,2019,0.8871377554007377,77.69855394883204,105.04271874945844,Situs loker,Mencari pekerjaan/menyiapkan usaha,1,17972,17993,18049,30,27,19,0,1,1,1
2019-10-20,87,"""jobstreet""",ID,2019-01-01 2019-10-31,web,0,2019,0.8871377554007377,73.47580645161291,105.04271874945844,Situs loker,Mencari pekerjaan/menyiapkan usaha,1,17972,17993,18049,31,28,20,0,1,1,1
2019-10-27,83,"""jobstreet""",ID,2019-01-01 2019-10-31,web,0,2019,0.8871377554007377,70.0976084538376,105.04271874945844,Situs loker,Mencari pekerjaan/menyiapkan usaha,1,17972,17993,18049,32,29,21,0,1,1,1
2019-01-06,98,"""lowongan kurir""+""loker kurir""",ID,2019-01-01 2019-10-31,web,0,2019,0.7062922366156354,85.99036144578314,80.49348557741942,Kurir,Mencari pekerjaan/menyiapkan usaha,1,17972,17993,18049,-10,-13,-21,0,0,0,0
2019-01-13,86,"""lowongan kurir""+""loker kurir""",ID,2019-01-01 2019-10-31,web,0,2019,0.7062922366156354,75.46092943201377,80.49348557741942,Kurir,Mencari pekerjaan/menyiapkan usaha,1,17972,17993,18049,-9,-12,-20,0,0,0,0
2019-01-20,84,"""lowongan kurir""+""loker kurir""",ID,2019-01-01 2019-10-31,web,0,2019,0.7062922366156354,73.70602409638553,80.49348557741942,Kurir,Mencari pekerjaan/menyiapkan usaha,1,17972,17993,18049,-8,-11,-19,0,0,0,0
2019-01-27,73,"""lowongan kurir""+""loker kurir""",ID,2019-01-01 2019-10-31,web,0,2019,0.7062922366156354,64.0540447504303,80.49348557741942,Kurir,Mencari pekerjaan/menyiapkan usaha,1,17972,17993,18049,-7,-10,-18,0,0,0,0
2019-02-03,70,"""lowongan kurir""+""loker kurir""",ID,2019-01-01 2019-10-31,web,0,2019,0.7062922366156354,61.421686746987945,80.49348557741942,Kurir,Mencari pekerjaan/menyiapkan usaha,1,17972,17993,18049,-6,-9,-17,0,0,0,0
2019-02-10,61,"""lowongan kurir""+""loker kurir""",ID,2019-01-01 2019-10-31,web,0,2019,0.7062922366156354,53.52461273666093,80.49348557741942,Kurir,Mencari pekerjaan/menyiapkan usaha,1,17972,17993,18049,-5,-8,-16,0,0,0,0
2019-02-17,73,"""lowongan kurir""+""loker kurir""",ID,2019-01-01 2019-10-31,web,0,2019,0.7062922366156354,64.0540447504303,80.49348557741942,Kurir,Mencari pekerjaan/menyiapkan usaha,1,17972,17993,18049,-4,-7,-15,0,0,0,0
2019-02-24,51,"""lowongan kurir""+""loker kurir""",ID,2019-01-01 2019-10-31,web,0,2019,0.7062922366156354,44.75008605851979,80.49348557741942,Kurir,Mencari pekerjaan/menyiapkan usaha,1,17972,17993,18049,-3,-6,-14,0,0,0,0
2019-03-03,55,"""lowongan kurir""+""loker kurir""",ID,2019-01-01 2019-10-31,web,0,2019,0.7062922366156354,48.25989672977624,80.49348557741942,Kurir,Mencari pekerjaan/menyiapkan usaha,1,17972,17993,18049,-2,-5,-13,0,0,0,0
2019-03-10,60,"""lowongan kurir""+""loker kurir""",ID,2019-01-01 2019-10-31,web,0,2019,0.7062922366156354,52.64716006884682,80.49348557741942,Kurir,Mencari pekerjaan/menyiapkan usaha,1,17972,17993,18049,-1,-4,-12,0,0,0,0
2019-03-17,68,"""lowongan kurir""+""loker kurir""",ID,2019-01-01 2019-10-31,web,0,2019,0.7062922366156354,59.66678141135973,80.49348557741942,Kurir,Mencari pekerjaan/menyiapkan usaha,1,17972,17993,18049,0,-3,-11,0,0,0,0
2019-03-24,62,"""lowongan kurir""+""loker kurir""",ID,2019-01-01 2019-10-31,web,0,2019,0.7062922366156354,54.40206540447504,80.49348557741942,Kurir,Mencari pekerjaan/menyiapkan usaha,1,17972,17993,18049,1,-2,-10,0,1,0,0
2019-03-31,60,"""lowongan kurir""+""loker kurir""",ID,2019-01-01 2019-10-31,web,0,2019,0.7062922366156354,52.64716006884682,80.49348557741942,Kurir,Mencari pekerjaan/menyiapkan usaha,1,17972,17993,18049,2,-1,-9,0,1,0,0
2019-04-07,63,"""lowongan kurir""+""loker kurir""",ID,2019-01-01 2019-10-31,web,0,2019,0.7062922366156354,55.27951807228915,80.49348557741942,Kurir,Mencari pekerjaan/menyiapkan usaha,1,17972,17993,18049,3,0,-8,0,1,0,0
2019-04-14,34,"""lowongan kurir""+""loker kurir""",ID,2019-01-01 2019-10-31,web,0,2019,0.7062922366156354,29.833390705679864,80.49348557741942,Kurir,Mencari pekerjaan/menyiapkan usaha,1,17972,17993,18049,4,1,-7,0,1,1,0
2019-04-21,59,"""lowongan kurir""+""loker kurir""",ID,2019-01-01 2019-10-31,web,0,2019,0.7062922366156354,51.7697074010327,80.49348557741942,Kurir,Mencari pekerjaan/menyiapkan usaha,1,17972,17993,18049,5,2,-6,0,1,1,0
2019-04-28,57,"""lowongan kurir""+""loker kurir""",ID,2019-01-01 2019-10-31,web,0,2019,0.7062922366156354,50.014802065404474,80.49348557741942,Kurir,Mencari pekerjaan/menyiapkan usaha,1,17972,17993,18049,6,3,-5,0,1,1,0
2019-05-05,43,"""lowongan kurir""+""loker kurir""",ID,2019-01-01 2019-10-31,web,0,2019,0.7062922366156354,37.730464716006885,80.49348557741942,Kurir,Mencari pekerjaan/menyiapkan usaha,1,17972,17993,18049,7,4,-4,0,1,1,0
2019-05-12,37,"""lowongan kurir""+""loker kurir""",ID,2019-01-01 2019-10-31,web,0,2019,0.7062922366156354,32.4657487091222,80.49348557741942,Kurir,Mencari pekerjaan/menyiapkan usaha,1,17972,17993,18049,8,5,-3,0,1,1,0
2019-05-19,35,"""lowongan kurir""+""loker kurir""",ID,2019-01-01 2019-10-31,web,0,2019,0.7062922366156354,30.710843373493972,80.49348557741942,Kurir,Mencari pekerjaan/menyiapkan usaha,1,17972,17993,18049,9,6,-2,0,1,1,0
2019-05-26,39,"""lowongan kurir""+""loker kurir""",ID,2019-01-01 2019-10-31,web,0,2019,0.7062922366156354,34.22065404475043,80.49348557741942,Kurir,Mencari pekerjaan/menyiapkan usaha,1,17972,17993,18049,10,7,-1,0,1,1,0
2019-06-02,22,"""lowongan kurir""+""loker kurir""",ID,2019-01-01 2019-10-31,web,0,2019,0.7062922366156354,19.3039586919105,80.49348557741942,Kurir,Mencari pekerjaan/menyiapkan usaha,1,17972,17993,18049,11,8,0,0,1,1,0
2019-06-09,60,"""lowongan kurir""+""loker kurir""",ID,2019-01-01 2019-10-31,web,0,2019,0.7062922366156354,52.64716006884682,80.49348557741942,Kurir,Mencari pekerjaan/menyiapkan usaha,1,17972,17993,18049,12,9,1,0,1,1,1
2019-06-16,74,"""lowongan kurir""+""loker kurir""",ID,2019-01-01 2019-10-31,web,0,2019,0.7062922366156354,64.9314974182444,80.49348557741942,Kurir,Mencari pekerjaan/menyiapkan usaha,1,17972,17993,18049,13,10,2,0,1,1,1
2019-06-23,84,"""lowongan kurir""+""loker kurir""",ID,2019-01-01 2019-10-31,web,0,2019,0.7062922366156354,73.70602409638553,80.49348557741942,Kurir,Mencari pekerjaan/menyiapkan usaha,1,17972,17993,18049,14,11,3,0,1,1,1
2019-06-30,81,"""lowongan kurir""+""loker kurir""",ID,2019-01-01 2019-10-31,web,0,2019,0.7062922366156354,71.0736660929432,80.49348557741942,Kurir,Mencari pekerjaan/menyiapkan usaha,1,17972,17993,18049,15,12,4,0,1,1,1
2019-07-07,83,"""lowongan kurir""+""loker kurir""",ID,2019-01-01 2019-10-31,web,0,2019,0.7062922366156354,72.82857142857144,80.49348557741942,Kurir,Mencari pekerjaan/menyiapkan usaha,1,17972,17993,18049,16,13,5,0,1,1,1
2019-07-14,95,"""lowongan kurir""+""loker kurir""",ID,2019-01-01 2019-10-31,web,0,2019,0.7062922366156354,83.35800344234079,80.49348557741942,Kurir,Mencari pekerjaan/menyiapkan usaha,1,17972,17993,18049,17,14,6,0,1,1,1
2019-07-21,100,"""lowongan kurir""+""loker kurir""",ID,2019-01-01 2019-10-31,web,0,2019,0.7062922366156354,87.74526678141136,80.49348557741942,Kurir,Mencari pekerjaan/menyiapkan usaha,1,17972,17993,18049,18,15,7,0,1,1,1
2019-07-28,77,"""lowongan kurir""+""loker kurir""",ID,2019-01-01 2019-10-31,web,0,2019,0.7062922366156354,67.56385542168675,80.49348557741942,Kurir,Mencari pekerjaan/menyiapkan usaha,1,17972,17993,18049,19,16,8,0,1,1,1
2019-08-04,99,"""lowongan kurir""+""loker kurir""",ID,2019-01-01 2019-10-31,web,0,2019,0.7062922366156354,86.86781411359725,80.49348557741942,Kurir,Mencari pekerjaan/menyiapkan usaha,1,17972,17993,18049,20,17,9,0,1,1,1
2019-08-11,68,"""lowongan kurir""+""loker kurir""",ID,2019-01-01 2019-10-31,web,0,2019,0.7062922366156354,59.66678141135973,80.49348557741942,Kurir,Mencari pekerjaan/menyiapkan usaha,1,17972,17993,18049,21,18,10,0,1,1,1
2019-08-18,80,"""lowongan kurir""+""loker kurir""",ID,2019-01-01 2019-10-31,web,0,2019,0.7062922366156354,70.19621342512909,80.49348557741942,Kurir,Mencari pekerjaan/menyiapkan usaha,1,17972,17993,18049,22,19,11,0,1,1,1
2019-08-25,82,"""lowongan kurir""+""loker kurir""",ID,2019-01-01 2019-10-31,web,0,2019,0.7062922366156354,71.95111876075731,80.49348557741942,Kurir,Mencari pekerjaan/menyiapkan usaha,1,17972,17993,18049,23,20,12,0,1,1,1
2019-09-01,55,"""lowongan kurir""+""loker kurir""",ID,2019-01-01 2019-10-31,web,0,2019,0.7062922366156354,48.25989672977624,80.49348557741942,Kurir,Mencari pekerjaan/menyiapkan usaha,1,17972,17993,18049,24,21,13,0,1,1,1
2019-09-08,46,"""lowongan kurir""+""loker kurir""",ID,2019-01-01 2019-10-31,web,0,2019,0.7062922366156354,40.36282271944923,80.49348557741942,Kurir,Mencari pekerjaan/menyiapkan usaha,1,17972,17993,18049,25,22,14,0,1,1,1
2019-09-15,71,"""lowongan kurir""+""loker kurir""",ID,2019-01-01 2019-10-31,web,0,2019,0.7062922366156354,62.29913941480206,80.49348557741942,Kurir,Mencari pekerjaan/menyiapkan usaha,1,17972,17993,18049,26,23,15,0,1,1,1
2019-09-22,68,"""lowongan kurir""+""loker kurir""",ID,2019-01-01 2019-10-31,web,0,2019,0.7062922366156354,59.66678141135973,80.49348557741942,Kurir,Mencari pekerjaan/menyiapkan usaha,1,17972,17993,18049,27,24,16,0,1,1,1
2019-09-29,77,"""lowongan kurir""+""loker kurir""",ID,2019-01-01 2019-10-31,web,0,2019,0.7062922366156354,67.56385542168675,80.49348557741942,Kurir,Mencari pekerjaan/menyiapkan usaha,1,17972,17993,18049,28,25,17,0,1,1,1
2019-10-06,66,"""lowongan kurir""+""loker kurir""",ID,2019-01-01 2019-10-31,web,0,2019,0.7062922366156354,57.91187607573149,80.49348557741942,Kurir,Mencari pekerjaan/menyiapkan usaha,1,17972,17993,18049,29,26,18,0,1,1,1
2019-10-13,96,"""lowongan kurir""+""loker kurir""",ID,2019-01-01 2019-10-31,web,0,2019,0.7062922366156354,84.2354561101549,80.49348557741942,Kurir,Mencari pekerjaan/menyiapkan usaha,1,17972,17993,18049,30,27,19,0,1,1,1
2019-10-20,80,"""lowongan kurir""+""loker kurir""",ID,2019-01-01 2019-10-31,web,0,2019,0.7062922366156354,70.19621342512909,80.49348557741942,Kurir,Mencari pekerjaan/menyiapkan usaha,1,17972,17993,18049,31,28,20,0,1,1,1
2019-10-27,73,"""lowongan kurir""+""loker kurir""",ID,2019-01-01 2019-10-31,web,0,2019,0.7062922366156354,64.0540447504303,80.49348557741942,Kurir,Mencari pekerjaan/menyiapkan usaha,1,17972,17993,18049,32,29,21,0,1,1,1
2019-01-06,72,"""daftar gojek""+""daftar grab""",ID,2019-01-01 2019-10-31,web,0,2019,0.7412747812032532,31.777850375694214,167.95278351318711,Driver online,Mencari pekerjaan/menyiapkan usaha,1,17972,17993,18049,-10,-13,-21,0,0,0,0
2019-01-13,78,"""daftar gojek""+""daftar grab""",ID,2019-01-01 2019-10-31,web,0,2019,0.7412747812032532,34.426004573668735,167.95278351318711,Driver online,Mencari pekerjaan/menyiapkan usaha,1,17972,17993,18049,-9,-12,-20,0,0,0,0
2019-01-20,77,"""daftar gojek""+""daftar grab""",ID,2019-01-01 2019-10-31,web,0,2019,0.7412747812032532,33.984645540672986,167.95278351318711,Driver online,Mencari pekerjaan/menyiapkan usaha,1,17972,17993,18049,-8,-11,-19,0,0,0,0
2019-01-27,76,"""daftar gojek""+""daftar grab""",ID,2019-01-01 2019-10-31,web,0,2019,0.7412747812032532,33.54328650767723,167.95278351318711,Driver online,Mencari pekerjaan/menyiapkan usaha,1,17972,17993,18049,-7,-10,-18,0,0,0,0
2019-02-03,73,"""daftar gojek""+""daftar grab""",ID,2019-01-01 2019-10-31,web,0,2019,0.7412747812032532,32.21920940868997,167.95278351318711,Driver online,Mencari pekerjaan/menyiapkan usaha,1,17972,17993,18049,-6,-9,-17,0,0,0,0
2019-02-10,69,"""daftar gojek""+""daftar grab""",ID,2019-01-01 2019-10-31,web,0,2019,0.7412747812032532,30.45377327670696,167.95278351318711,Driver online,Mencari pekerjaan/menyiapkan usaha,1,17972,17993,18049,-5,-8,-16,0,0,0,0
2019-02-17,70,"""daftar gojek""+""daftar grab""",ID,2019-01-01 2019-10-31,web,0,2019,0.7412747812032532,30.89513230970271,167.95278351318711,Driver online,Mencari pekerjaan/menyiapkan usaha,1,17972,17993,18049,-4,-7,-15,0,0,0,0
2019-02-24,65,"""daftar gojek""+""daftar grab""",ID,2019-01-01 2019-10-31,web,0,2019,0.7412747812032532,28.688337144723945,167.95278351318711,Driver online,Mencari pekerjaan/menyiapkan usaha,1,17972,17993,18049,-3,-6,-14,0,0,0,0
2019-03-03,58,"""daftar gojek""+""daftar grab""",ID,2019-01-01 2019-10-31,web,0,2019,0.7412747812032532,25.598823913753677,167.95278351318711,Driver online,Mencari pekerjaan/menyiapkan usaha,1,17972,17993,18049,-2,-5,-13,0,0,0,0
2019-03-10,60,"""daftar gojek""+""daftar grab""",ID,2019-01-01 2019-10-31,web,0,2019,0.7412747812032532,26.48154197974518,167.95278351318711,Driver online,Mencari pekerjaan/menyiapkan usaha,1,17972,17993,18049,-1,-4,-12,0,0,0,0
2019-03-17,62,"""daftar gojek""+""daftar grab""",ID,2019-01-01 2019-10-31,web,0,2019,0.7412747812032532,27.36426004573669,167.95278351318711,Driver online,Mencari pekerjaan/menyiapkan usaha,1,17972,17993,18049,0,-3,-11,0,0,0,0
2019-03-24,62,"""daftar gojek""+""daftar grab""",ID,2019-01-01 2019-10-31,web,0,2019,0.7412747812032532,27.36426004573669,167.95278351318711,Driver online,Mencari pekerjaan/menyiapkan usaha,1,17972,17993,18049,1,-2,-10,0,1,0,0
2019-03-31,60,"""daftar gojek""+""daftar grab""",ID,2019-01-01 2019-10-31,web,0,2019,0.7412747812032532,26.48154197974518,167.95278351318711,Driver online,Mencari pekerjaan/menyiapkan usaha,1,17972,17993,18049,2,-1,-9,0,1,0,0
2019-04-07,53,"""daftar gojek""+""daftar grab""",ID,2019-01-01 2019-10-31,web,0,2019,0.7412747812032532,23.39202874877491,167.95278351318711,Driver online,Mencari pekerjaan/menyiapkan usaha,1,17972,17993,18049,3,0,-8,0,1,0,0
2019-04-14,43,"""daftar gojek""+""daftar grab""",ID,2019-01-01 2019-10-31,web,0,2019,0.7412747812032532,18.97843841881738,167.95278351318711,Driver online,Mencari pekerjaan/menyiapkan usaha,1,17972,17993,18049,4,1,-7,0,1,1,0
2019-04-21,55,"""daftar gojek""+""daftar grab""",ID,2019-01-01 2019-10-31,web,0,2019,0.7412747812032532,24.274746814766416,167.95278351318711,Driver online,Mencari pekerjaan/menyiapkan usaha,1,17972,17993,18049,5,2,-6,0,1,1,0
2019-04-28,53,"""daftar gojek""+""daftar grab""",ID,2019-01-01 2019-10-31,web,0,2019,0.7412747812032532,23.39202874877491,167.95278351318711,Driver online,Mencari pekerjaan/menyiapkan usaha,1,17972,17993,18049,6,3,-5,0,1,1,0
2019-05-05,53,"""daftar gojek""+""daftar grab""",ID,2019-01-01 2019-10-31,web,0,2019,0.7412747812032532,23.39202874877491,167.95278351318711,Driver online,Mencari pekerjaan/menyiapkan usaha,1,17972,17993,18049,7,4,-4,0,1,1,0
2019-05-12,55,"""daftar gojek""+""daftar grab""",ID,2019-01-01 2019-10-31,web,0,2019,0.7412747812032532,24.274746814766416,167.95278351318711,Driver online,Mencari pekerjaan/menyiapkan usaha,1,17972,17993,18049,8,5,-3,0,1,1,0
2019-05-19,44,"""daftar gojek""+""daftar grab""",ID,2019-01-01 2019-10-31,web,0,2019,0.7412747812032532,19.419797451813135,167.95278351318711,Driver online,Mencari pekerjaan/menyiapkan usaha,1,17972,17993,18049,9,6,-2,0,1,1,0
2019-05-26,38,"""daftar gojek""+""daftar grab""",ID,2019-01-01 2019-10-31,web,0,2019,0.7412747812032532,16.771643253838615,167.95278351318711,Driver online,Mencari pekerjaan/menyiapkan usaha,1,17972,17993,18049,10,7,-1,0,1,1,0
2019-06-02,29,"""daftar gojek""+""daftar grab""",ID,2019-01-01 2019-10-31,web,0,2019,0.7412747812032532,12.799411956876838,167.95278351318711,Driver online,Mencari pekerjaan/menyiapkan usaha,1,17972,17993,18049,11,8,0,0,1,1,0
2019-06-09,61,"""daftar gojek""+""daftar grab""",ID,2019-01-01 2019-10-31,web,0,2019,0.7412747812032532,26.922901012740937,167.95278351318711,Driver online,Mencari pekerjaan/menyiapkan usaha,1,17972,17993,18049,12,9,1,0,1,1,1
2019-06-16,89,"""daftar gojek""+""daftar grab""",ID,2019-01-01 2019-10-31,web,0,2019,0.7412747812032532,39.28095393662201,167.95278351318711,Driver online,Mencari pekerjaan/menyiapkan usaha,1,17972,17993,18049,13,10,2,0,1,1,1
2019-06-23,91,"""daftar gojek""+""daftar grab""",ID,2019-01-01 2019-10-31,web,0,2019,0.7412747812032532,40.16367200261353,167.95278351318711,Driver online,Mencari pekerjaan/menyiapkan usaha,1,17972,17993,18049,14,11,3,0,1,1,1
2019-06-30,81,"""daftar gojek""+""daftar grab""",ID,2019-01-01 2019-10-31,web,0,2019,0.7412747812032532,35.750081672655995,167.95278351318711,Driver online,Mencari pekerjaan/menyiapkan usaha,1,17972,17993,18049,15,12,4,0,1,1,1
2019-07-07,96,"""daftar gojek""+""daftar grab""",ID,2019-01-01 2019-10-31,web,0,2019,0.7412747812032532,42.370467167592295,167.95278351318711,Driver online,Mencari pekerjaan/menyiapkan usaha,1,17972,17993,18049,16,13,5,0,1,1,1
2019-07-14,100,"""daftar gojek""+""daftar grab""",ID,2019-01-01 2019-10-31,web,0,2019,0.7412747812032532,44.135903299575304,167.95278351318711,Driver online,Mencari pekerjaan/menyiapkan usaha,1,17972,17993,18049,17,14,6,0,1,1,1
2019-07-21,97,"""daftar gojek""+""daftar grab""",ID,2019-01-01 2019-10-31,web,0,2019,0.7412747812032532,42.81182620058805,167.95278351318711,Driver online,Mencari pekerjaan/menyiapkan usaha,1,17972,17993,18049,18,15,7,0,1,1,1
2019-07-28,90,"""daftar gojek""+""daftar grab""",ID,2019-01-01 2019-10-31,web,0,2019,0.7412747812032532,39.722312969617775,167.95278351318711,Driver online,Mencari pekerjaan/menyiapkan usaha,1,17972,17993,18049,19,16,8,0,1,1,1
2019-08-04,74,"""daftar gojek""+""daftar grab""",ID,2019-01-01 2019-10-31,web,0,2019,0.7412747812032532,32.660568441685726,167.95278351318711,Driver online,Mencari pekerjaan/menyiapkan usaha,1,17972,17993,18049,20,17,9,0,1,1,1
2019-08-11,69,"""daftar gojek""+""daftar grab""",ID,2019-01-01 2019-10-31,web,0,2019,0.7412747812032532,30.45377327670696,167.95278351318711,Driver online,Mencari pekerjaan/menyiapkan usaha,1,17972,17993,18049,21,18,10,0,1,1,1
2019-08-18,75,"""daftar gojek""+""daftar grab""",ID,2019-01-01 2019-10-31,web,0,2019,0.7412747812032532,33.10192747468148,167.95278351318711,Driver online,Mencari pekerjaan/menyiapkan usaha,1,17972,17993,18049,22,19,11,0,1,1,1
2019-08-25,70,"""daftar gojek""+""daftar grab""",ID,2019-01-01 2019-10-31,web,0,2019,0.7412747812032532,30.89513230970271,167.95278351318711,Driver online,Mencari pekerjaan/menyiapkan usaha,1,17972,17993,18049,23,20,12,0,1,1,1
2019-09-01,88,"""daftar gojek""+""daftar grab""",ID,2019-01-01 2019-10-31,web,0,2019,0.7412747812032532,38.83959490362627,167.95278351318711,Driver online,Mencari pekerjaan/menyiapkan usaha,1,17972,17993,18049,24,21,13,0,1,1,1
2019-09-08,81,"""daftar gojek""+""daftar grab""",ID,2019-01-01 2019-10-31,web,0,2019,0.7412747812032532,35.750081672655995,167.95278351318711,Driver online,Mencari pekerjaan/menyiapkan usaha,1,17972,17993,18049,25,22,14,0,1,1,1
2019-09-15,91,"""daftar gojek""+""daftar grab""",ID,2019-01-01 2019-10-31,web,0,2019,0.7412747812032532,40.16367200261353,167.95278351318711,Driver online,Mencari pekerjaan/menyiapkan usaha,1,17972,17993,18049,26,23,15,0,1,1,1
2019-09-22,81,"""daftar gojek""+""daftar grab""",ID,2019-01-01 2019-10-31,web,0,2019,0.7412747812032532,35.750081672655995,167.95278351318711,Driver online,Mencari pekerjaan/menyiapkan usaha,1,17972,17993,18049,27,24,16,0,1,1,1
2019-09-29,83,"""daftar gojek""+""daftar grab""",ID,2019-01-01 2019-10-31,web,0,2019,0.7412747812032532,36.632799738647506,167.95278351318711,Driver online,Mencari pekerjaan/menyiapkan usaha,1,17972,17993,18049,28,25,17,0,1,1,1
2019-10-06,85,"""daftar gojek""+""daftar grab""",ID,2019-01-01 2019-10-31,web,0,2019,0.7412747812032532,37.51551780463901,167.95278351318711,Driver online,Mencari pekerjaan/menyiapkan usaha,1,17972,17993,18049,29,26,18,0,1,1,1
2019-10-13,89,"""daftar gojek""+""daftar grab""",ID,2019-01-01 2019-10-31,web,0,2019,0.7412747812032532,39.28095393662201,167.95278351318711,Driver online,Mencari pekerjaan/menyiapkan usaha,1,17972,17993,18049,30,27,19,0,1,1,1
2019-10-20,81,"""daftar gojek""+""daftar grab""",ID,2019-01-01 2019-10-31,web,0,2019,0.7412747812032532,35.750081672655995,167.95278351318711,Driver online,Mencari pekerjaan/menyiapkan usaha,1,17972,17993,18049,31,28,20,0,1,1,1
2019-10-27,84,"""daftar gojek""+""daftar grab""",ID,2019-01-01 2019-10-31,web,0,2019,0.7412747812032532,37.074158771643255,167.95278351318711,Driver online,Mencari pekerjaan/menyiapkan usaha,1,17972,17993,18049,32,29,21,0,1,1,1
2019-01-06,93,"""modal jualan""+""cara jualan online""",ID,2019-01-01 2019-10-31,web,0,2019,0.8009848565074658,79.34004024144869,93.8890268123138,Berjualan,Mencari pekerjaan/menyiapkan usaha,1,17972,17993,18049,-10,-13,-21,0,0,0,0
2019-01-13,90,"""modal jualan""+""cara jualan online""",ID,2019-01-01 2019-10-31,web,0,2019,0.8009848565074658,76.78068410462777,93.8890268123138,Berjualan,Mencari pekerjaan/menyiapkan usaha,1,17972,17993,18049,-9,-12,-20,0,0,0,0
2019-01-20,94,"""modal jualan""+""cara jualan online""",ID,2019-01-01 2019-10-31,web,0,2019,0.8009848565074658,80.19315895372233,93.8890268123138,Berjualan,Mencari pekerjaan/menyiapkan usaha,1,17972,17993,18049,-8,-11,-19,0,0,0,0
2019-01-27,100,"""modal jualan""+""cara jualan online""",ID,2019-01-01 2019-10-31,web,0,2019,0.8009848565074658,85.3118712273642,93.8890268123138,Berjualan,Mencari pekerjaan/menyiapkan usaha,1,17972,17993,18049,-7,-10,-18,0,0,0,0
2019-02-03,71,"""modal jualan""+""cara jualan online""",ID,2019-01-01 2019-10-31,web,0,2019,0.8009848565074658,60.57142857142856,93.8890268123138,Berjualan,Mencari pekerjaan/menyiapkan usaha,1,17972,17993,18049,-6,-9,-17,0,0,0,0
2019-02-10,59,"""modal jualan""+""cara jualan online""",ID,2019-01-01 2019-10-31,web,0,2019,0.8009848565074658,50.33400402414486,93.8890268123138,Berjualan,Mencari pekerjaan/menyiapkan usaha,1,17972,17993,18049,-5,-8,-16,0,0,0,0
2019-02-17,77,"""modal jualan""+""cara jualan online""",ID,2019-01-01 2019-10-31,web,0,2019,0.8009848565074658,65.69014084507042,93.8890268123138,Berjualan,Mencari pekerjaan/menyiapkan usaha,1,17972,17993,18049,-4,-7,-15,0,0,0,0
2019-02-24,68,"""modal jualan""+""cara jualan online""",ID,2019-01-01 2019-10-31,web,0,2019,0.8009848565074658,58.012072434607646,93.8890268123138,Berjualan,Mencari pekerjaan/menyiapkan usaha,1,17972,17993,18049,-3,-6,-14,0,0,0,0
2019-03-03,49,"""modal jualan""+""cara jualan online""",ID,2019-01-01 2019-10-31,web,0,2019,0.8009848565074658,41.80281690140845,93.8890268123138,Berjualan,Mencari pekerjaan/menyiapkan usaha,1,17972,17993,18049,-2,-5,-13,0,0,0,0
2019-03-10,85,"""modal jualan""+""cara jualan online""",ID,2019-01-01 2019-10-31,web,0,2019,0.8009848565074658,72.51509054325955,93.8890268123138,Berjualan,Mencari pekerjaan/menyiapkan usaha,1,17972,17993,18049,-1,-4,-12,0,0,0,0
2019-03-17,83,"""modal jualan""+""cara jualan online""",ID,2019-01-01 2019-10-31,web,0,2019,0.8009848565074658,70.80885311871228,93.8890268123138,Berjualan,Mencari pekerjaan/menyiapkan usaha,1,17972,17993,18049,0,-3,-11,0,0,0,0
2019-03-24,92,"""modal jualan""+""cara jualan online""",ID,2019-01-01 2019-10-31,web,0,2019,0.8009848565074658,78.48692152917504,93.8890268123138,Berjualan,Mencari pekerjaan/menyiapkan usaha,1,17972,17993,18049,1,-2,-10,0,1,0,0
2019-03-31,77,"""modal jualan""+""cara jualan online""",ID,2019-01-01 2019-10-31,web,0,2019,0.8009848565074658,65.69014084507042,93.8890268123138,Berjualan,Mencari pekerjaan/menyiapkan usaha,1,17972,17993,18049,2,-1,-9,0,1,0,0
2019-04-07,64,"""modal jualan""+""cara jualan online""",ID,2019-01-01 2019-10-31,web,0,2019,0.8009848565074658,54.599597585513074,93.8890268123138,Berjualan,Mencari pekerjaan/menyiapkan usaha,1,17972,17993,18049,3,0,-8,0,1,0,0
2019-04-14,73,"""modal jualan""+""cara jualan online""",ID,2019-01-01 2019-10-31,web,0,2019,0.8009848565074658,62.27766599597585,93.8890268123138,Berjualan,Mencari pekerjaan/menyiapkan usaha,1,17972,17993,18049,4,1,-7,0,1,1,0
2019-04-21,46,"""modal jualan""+""cara jualan online""",ID,2019-01-01 2019-10-31,web,0,2019,0.8009848565074658,39.24346076458752,93.8890268123138,Berjualan,Mencari pekerjaan/menyiapkan usaha,1,17972,17993,18049,5,2,-6,0,1,1,0
2019-04-28,69,"""modal jualan""+""cara jualan online""",ID,2019-01-01 2019-10-31,web,0,2019,0.8009848565074658,58.86519114688129,93.8890268123138,Berjualan,Mencari pekerjaan/menyiapkan usaha,1,17972,17993,18049,6,3,-5,0,1,1,0
2019-05-05,53,"""modal jualan""+""cara jualan online""",ID,2019-01-01 2019-10-31,web,0,2019,0.8009848565074658,45.21529175050301,93.8890268123138,Berjualan,Mencari pekerjaan/menyiapkan usaha,1,17972,17993,18049,7,4,-4,0,1,1,0
2019-05-12,51,"""modal jualan""+""cara jualan online""",ID,2019-01-01 2019-10-31,web,0,2019,0.8009848565074658,43.50905432595573,93.8890268123138,Berjualan,Mencari pekerjaan/menyiapkan usaha,1,17972,17993,18049,8,5,-3,0,1,1,0
2019-05-19,49,"""modal jualan""+""cara jualan online""",ID,2019-01-01 2019-10-31,web,0,2019,0.8009848565074658,41.80281690140845,93.8890268123138,Berjualan,Mencari pekerjaan/menyiapkan usaha,1,17972,17993,18049,9,6,-2,0,1,1,0
2019-05-26,32,"""modal jualan""+""cara jualan online""",ID,2019-01-01 2019-10-31,web,0,2019,0.8009848565074658,27.299798792756537,93.8890268123138,Berjualan,Mencari pekerjaan/menyiapkan usaha,1,17972,17993,18049,10,7,-1,0,1,1,0
2019-06-02,62,"""modal jualan""+""cara jualan online""",ID,2019-01-01 2019-10-31,web,0,2019,0.8009848565074658,52.893360160965784,93.8890268123138,Berjualan,Mencari pekerjaan/menyiapkan usaha,1,17972,17993,18049,11,8,0,0,1,1,0
2019-06-09,66,"""modal jualan""+""cara jualan online""",ID,2019-01-01 2019-10-31,web,0,2019,0.8009848565074658,56.30583501006035,93.8890268123138,Berjualan,Mencari pekerjaan/menyiapkan usaha,1,17972,17993,18049,12,9,1,0,1,1,1
2019-06-16,69,"""modal jualan""+""cara jualan online""",ID,2019-01-01 2019-10-31,web,0,2019,0.8009848565074658,58.86519114688129,93.8890268123138,Berjualan,Mencari pekerjaan/menyiapkan usaha,1,17972,17993,18049,13,10,2,0,1,1,1
2019-06-23,66,"""modal jualan""+""cara jualan online""",ID,2019-01-01 2019-10-31,web,0,2019,0.8009848565074658,56.30583501006035,93.8890268123138,Berjualan,Mencari pekerjaan/menyiapkan usaha,1,17972,17993,18049,14,11,3,0,1,1,1
2019-06-30,83,"""modal jualan""+""cara jualan online""",ID,2019-01-01 2019-10-31,web,0,2019,0.8009848565074658,70.80885311871228,93.8890268123138,Berjualan,Mencari pekerjaan/menyiapkan usaha,1,17972,17993,18049,15,12,4,0,1,1,1
2019-07-07,78,"""modal jualan""+""cara jualan online""",ID,2019-01-01 2019-10-31,web,0,2019,0.8009848565074658,66.54325955734406,93.8890268123138,Berjualan,Mencari pekerjaan/menyiapkan usaha,1,17972,17993,18049,16,13,5,0,1,1,1
2019-07-14,69,"""modal jualan""+""cara jualan online""",ID,2019-01-01 2019-10-31,web,0,2019,0.8009848565074658,58.86519114688129,93.8890268123138,Berjualan,Mencari pekerjaan/menyiapkan usaha,1,17972,17993,18049,17,14,6,0,1,1,1
2019-07-21,71,"""modal jualan""+""cara jualan online""",ID,2019-01-01 2019-10-31,web,0,2019,0.8009848565074658,60.57142857142856,93.8890268123138,Berjualan,Mencari pekerjaan/menyiapkan usaha,1,17972,17993,18049,18,15,7,0,1,1,1
2019-07-28,54,"""modal jualan""+""cara jualan online""",ID,2019-01-01 2019-10-31,web,0,2019,0.8009848565074658,46.06841046277666,93.8890268123138,Berjualan,Mencari pekerjaan/menyiapkan usaha,1,17972,17993,18049,19,16,8,0,1,1,1
2019-08-04,59,"""modal jualan""+""cara jualan online""",ID,2019-01-01 2019-10-31,web,0,2019,0.8009848565074658,50.33400402414486,93.8890268123138,Berjualan,Mencari pekerjaan/menyiapkan usaha,1,17972,17993,18049,20,17,9,0,1,1,1
2019-08-11,66,"""modal jualan""+""cara jualan online""",ID,2019-01-01 2019-10-31,web,0,2019,0.8009848565074658,56.30583501006035,93.8890268123138,Berjualan,Mencari pekerjaan/menyiapkan usaha,1,17972,17993,18049,21,18,10,0,1,1,1
2019-08-18,68,"""modal jualan""+""cara jualan online""",ID,2019-01-01 2019-10-31,web,0,2019,0.8009848565074658,58.012072434607646,93.8890268123138,Berjualan,Mencari pekerjaan/menyiapkan usaha,1,17972,17993,18049,22,19,11,0,1,1,1
2019-08-25,86,"""modal jualan""+""cara jualan online""",ID,2019-01-01 2019-10-31,web,0,2019,0.8009848565074658,73.36820925553319,93.8890268123138,Berjualan,Mencari pekerjaan/menyiapkan usaha,1,17972,17993,18049,23,20,12,0,1,1,1
2019-09-01,71,"""modal jualan""+""cara jualan online""",ID,2019-01-01 2019-10-31,web,0,2019,0.8009848565074658,60.57142857142856,93.8890268123138,Berjualan,Mencari pekerjaan/menyiapkan usaha,1,17972,17993,18049,24,21,13,0,1,1,1
2019-09-08,64,"""modal jualan""+""cara jualan online""",ID,2019-01-01 2019-10-31,web,0,2019,0.8009848565074658,54.599597585513074,93.8890268123138,Berjualan,Mencari pekerjaan/menyiapkan usaha,1,17972,17993,18049,25,22,14,0,1,1,1
2019-09-15,77,"""modal jualan""+""cara jualan online""",ID,2019-01-01 2019-10-31,web,0,2019,0.8009848565074658,65.69014084507042,93.8890268123138,Berjualan,Mencari pekerjaan/menyiapkan usaha,1,17972,17993,18049,26,23,15,0,1,1,1
2019-09-22,57,"""modal jualan""+""cara jualan online""",ID,2019-01-01 2019-10-31,web,0,2019,0.8009848565074658,48.62776659959758,93.8890268123138,Berjualan,Mencari pekerjaan/menyiapkan usaha,1,17972,17993,18049,27,24,16,0,1,1,1
2019-09-29,52,"""modal jualan""+""cara jualan online""",ID,2019-01-01 2019-10-31,web,0,2019,0.8009848565074658,44.36217303822937,93.8890268123138,Berjualan,Mencari pekerjaan/menyiapkan usaha,1,17972,17993,18049,28,25,17,0,1,1,1
2019-10-06,72,"""modal jualan""+""cara jualan online""",ID,2019-01-01 2019-10-31,web,0,2019,0.8009848565074658,61.4245472837022,93.8890268123138,Berjualan,Mencari pekerjaan/menyiapkan usaha,1,17972,17993,18049,29,26,18,0,1,1,1
2019-10-13,63,"""modal jualan""+""cara jualan online""",ID,2019-01-01 2019-10-31,web,0,2019,0.8009848565074658,53.746478873239425,93.8890268123138,Berjualan,Mencari pekerjaan/menyiapkan usaha,1,17972,17993,18049,30,27,19,0,1,1,1
2019-10-20,95,"""modal jualan""+""cara jualan online""",ID,2019-01-01 2019-10-31,web,0,2019,0.8009848565074658,81.04627766599597,93.8890268123138,Berjualan,Mencari pekerjaan/menyiapkan usaha,1,17972,17993,18049,31,28,20,0,1,1,1
2019-10-27,59,"""modal jualan""+""cara jualan online""",ID,2019-01-01 2019-10-31,web,0,2019,0.8009848565074658,50.33400402414486,93.8890268123138,Berjualan,Mencari pekerjaan/menyiapkan usaha,1,17972,17993,18049,32,29,21,0,1,1,1
2020-01-05,2,"""phk buruh""+""phk karyawan""+""phk corona""",ID,2020-01-01 2020-10-31,web,0,2020,0.6430525131726955,1.7255343082114738,74.53372675495778,PHK,PHK,1,18336,18364,18420,-10,-14,-22,1,0,0,0
2020-01-12,4,"""phk buruh""+""phk karyawan""+""phk corona""",ID,2020-01-01 2020-10-31,web,0,2020,0.6430525131726955,3.4510686164229476,74.53372675495778,PHK,PHK,1,18336,18364,18420,-9,-13,-21,1,0,0,0
2020-01-19,5,"""phk buruh""+""phk karyawan""+""phk corona""",ID,2020-01-01 2020-10-31,web,0,2020,0.6430525131726955,4.3138357705286845,74.53372675495778,PHK,PHK,1,18336,18364,18420,-8,-12,-20,1,0,0,0
2020-01-26,6,"""phk buruh""+""phk karyawan""+""phk corona""",ID,2020-01-01 2020-10-31,web,0,2020,0.6430525131726955,5.176602924634422,74.53372675495778,PHK,PHK,1,18336,18364,18420,-7,-11,-19,1,0,0,0
2020-02-02,6,"""phk buruh""+""phk karyawan""+""phk corona""",ID,2020-01-01 2020-10-31,web,0,2020,0.6430525131726955,5.176602924634422,74.53372675495778,PHK,PHK,1,18336,18364,18420,-6,-10,-18,1,0,0,0
2020-02-09,11,"""phk buruh""+""phk karyawan""+""phk corona""",ID,2020-01-01 2020-10-31,web,0,2020,0.6430525131726955,9.490438695163109,74.53372675495778,PHK,PHK,1,18336,18364,18420,-5,-9,-17,1,0,0,0
2020-02-16,14,"""phk buruh""+""phk karyawan""+""phk corona""",ID,2020-01-01 2020-10-31,web,0,2020,0.6430525131726955,12.078740157480318,74.53372675495778,PHK,PHK,1,18336,18364,18420,-4,-8,-16,1,0,0,0
2020-02-23,11,"""phk buruh""+""phk karyawan""+""phk corona""",ID,2020-01-01 2020-10-31,web,0,2020,0.6430525131726955,9.490438695163109,74.53372675495778,PHK,PHK,1,18336,18364,18420,-3,-7,-15,1,0,0,0
2020-03-01,6,"""phk buruh""+""phk karyawan""+""phk corona""",ID,2020-01-01 2020-10-31,web,0,2020,0.6430525131726955,5.176602924634422,74.53372675495778,PHK,PHK,1,18336,18364,18420,-2,-6,-14,1,0,0,0
2020-03-08,18,"""phk buruh""+""phk karyawan""+""phk corona""",ID,2020-01-01 2020-10-31,web,0,2020,0.6430525131726955,15.529808773903264,74.53372675495778,PHK,PHK,1,18336,18364,18420,-1,-5,-13,1,0,0,0
2020-03-15,14,"""phk buruh""+""phk karyawan""+""phk corona""",ID,2020-01-01 2020-10-31,web,0,2020,0.6430525131726955,12.078740157480318,74.53372675495778,PHK,PHK,1,18336,18364,18420,0,-4,-12,1,0,0,0
2020-03-22,20,"""phk buruh""+""phk karyawan""+""phk corona""",ID,2020-01-01 2020-10-31,web,0,2020,0.6430525131726955,17.255343082114738,74.53372675495778,PHK,PHK,1,18336,18364,18420,1,-3,-11,1,1,0,0
2020-03-29,33,"""phk buruh""+""phk karyawan""+""phk corona""",ID,2020-01-01 2020-10-31,web,0,2020,0.6430525131726955,28.471316085489317,74.53372675495778,PHK,PHK,1,18336,18364,18420,2,-2,-10,1,1,0,0
2020-04-05,100,"""phk buruh""+""phk karyawan""+""phk corona""",ID,2020-01-01 2020-10-31,web,0,2020,0.6430525131726955,86.27671541057369,74.53372675495778,PHK,PHK,1,18336,18364,18420,3,-1,-9,1,1,0,0
2020-04-12,65,"""phk buruh""+""phk karyawan""+""phk corona""",ID,2020-01-01 2020-10-31,web,0,2020,0.6430525131726955,56.07986501687291,74.53372675495778,PHK,PHK,1,18336,18364,18420,4,0,-8,1,1,0,0
2020-04-19,54,"""phk buruh""+""phk karyawan""+""phk corona""",ID,2020-01-01 2020-10-31,web,0,2020,0.6430525131726955,46.5894263217098,74.53372675495778,PHK,PHK,1,18336,18364,18420,5,1,-7,1,1,1,0
2020-04-26,51,"""phk buruh""+""phk karyawan""+""phk corona""",ID,2020-01-01 2020-10-31,web,0,2020,0.6430525131726955,44.00112485939259,74.53372675495778,PHK,PHK,1,18336,18364,18420,6,2,-6,1,1,1,0
2020-05-03,39,"""phk buruh""+""phk karyawan""+""phk corona""",ID,2020-01-01 2020-10-31,web,0,2020,0.6430525131726955,33.647919010123736,74.53372675495778,PHK,PHK,1,18336,18364,18420,7,3,-5,1,1,1,0
2020-05-10,30,"""phk buruh""+""phk karyawan""+""phk corona""",ID,2020-01-01 2020-10-31,web,0,2020,0.6430525131726955,25.88301462317211,74.53372675495778,PHK,PHK,1,18336,18364,18420,8,4,-4,1,1,1,0
2020-05-17,20,"""phk buruh""+""phk karyawan""+""phk corona""",ID,2020-01-01 2020-10-31,web,0,2020,0.6430525131726955,17.255343082114738,74.53372675495778,PHK,PHK,1,18336,18364,18420,9,5,-3,1,1,1,0
2020-05-24,21,"""phk buruh""+""phk karyawan""+""phk corona""",ID,2020-01-01 2020-10-31,web,0,2020,0.6430525131726955,18.11811023622048,74.53372675495778,PHK,PHK,1,18336,18364,18420,10,6,-2,1,1,1,0
2020-05-31,30,"""phk buruh""+""phk karyawan""+""phk corona""",ID,2020-01-01 2020-10-31,web,0,2020,0.6430525131726955,25.88301462317211,74.53372675495778,PHK,PHK,1,18336,18364,18420,11,7,-1,1,1,1,0
2020-06-07,18,"""phk buruh""+""phk karyawan""+""phk corona""",ID,2020-01-01 2020-10-31,web,0,2020,0.6430525131726955,15.529808773903264,74.53372675495778,PHK,PHK,1,18336,18364,18420,12,8,0,1,1,1,0
2020-06-14,19,"""phk buruh""+""phk karyawan""+""phk corona""",ID,2020-01-01 2020-10-31,web,0,2020,0.6430525131726955,16.392575928009006,74.53372675495778,PHK,PHK,1,18336,18364,18420,13,9,1,1,1,1,1
2020-06-21,48,"""phk buruh""+""phk karyawan""+""phk corona""",ID,2020-01-01 2020-10-31,web,0,2020,0.6430525131726955,41.41282339707538,74.53372675495778,PHK,PHK,1,18336,18364,18420,14,10,2,1,1,1,1
2020-06-28,28,"""phk buruh""+""phk karyawan""+""phk corona""",ID,2020-01-01 2020-10-31,web,0,2020,0.6430525131726955,24.157480314960637,74.53372675495778,PHK,PHK,1,18336,18364,18420,15,11,3,1,1,1,1
2020-07-05,30,"""phk buruh""+""phk karyawan""+""phk corona""",ID,2020-01-01 2020-10-31,web,0,2020,0.6430525131726955,25.88301462317211,74.53372675495778,PHK,PHK,1,18336,18364,18420,16,12,4,1,1,1,1
2020-07-12,23,"""phk buruh""+""phk karyawan""+""phk corona""",ID,2020-01-01 2020-10-31,web,0,2020,0.6430525131726955,19.843644544431953,74.53372675495778,PHK,PHK,1,18336,18364,18420,17,13,5,1,1,1,1
2020-07-19,14,"""phk buruh""+""phk karyawan""+""phk corona""",ID,2020-01-01 2020-10-31,web,0,2020,0.6430525131726955,12.078740157480318,74.53372675495778,PHK,PHK,1,18336,18364,18420,18,14,6,1,1,1,1
2020-07-26,11,"""phk buruh""+""phk karyawan""+""phk corona""",ID,2020-01-01 2020-10-31,web,0,2020,0.6430525131726955,9.490438695163109,74.53372675495778,PHK,PHK,1,18336,18364,18420,19,15,7,1,1,1,1
2020-08-02,9,"""phk buruh""+""phk karyawan""+""phk corona""",ID,2020-01-01 2020-10-31,web,0,2020,0.6430525131726955,7.764904386951632,74.53372675495778,PHK,PHK,1,18336,18364,18420,20,16,8,1,1,1,1
2020-08-09,7,"""phk buruh""+""phk karyawan""+""phk corona""",ID,2020-01-01 2020-10-31,web,0,2020,0.6430525131726955,6.039370078740159,74.53372675495778,PHK,PHK,1,18336,18364,18420,21,17,9,1,1,1,1
2020-08-16,8,"""phk buruh""+""phk karyawan""+""phk corona""",ID,2020-01-01 2020-10-31,web,0,2020,0.6430525131726955,6.902137232845895,74.53372675495778,PHK,PHK,1,18336,18364,18420,22,18,10,1,1,1,1
2020-08-23,9,"""phk buruh""+""phk karyawan""+""phk corona""",ID,2020-01-01 2020-10-31,web,0,2020,0.6430525131726955,7.764904386951632,74.53372675495778,PHK,PHK,1,18336,18364,18420,23,19,11,1,1,1,1
2020-08-30,12,"""phk buruh""+""phk karyawan""+""phk corona""",ID,2020-01-01 2020-10-31,web,0,2020,0.6430525131726955,10.353205849268845,74.53372675495778,PHK,PHK,1,18336,18364,18420,24,20,12,1,1,1,1
2020-09-06,9,"""phk buruh""+""phk karyawan""+""phk corona""",ID,2020-01-01 2020-10-31,web,0,2020,0.6430525131726955,7.764904386951632,74.53372675495778,PHK,PHK,1,18336,18364,18420,25,21,13,1,1,1,1
2020-09-13,12,"""phk buruh""+""phk karyawan""+""phk corona""",ID,2020-01-01 2020-10-31,web,0,2020,0.6430525131726955,10.353205849268845,74.53372675495778,PHK,PHK,1,18336,18364,18420,26,22,14,1,1,1,1
2020-09-20,10,"""phk buruh""+""phk karyawan""+""phk corona""",ID,2020-01-01 2020-10-31,web,0,2020,0.6430525131726955,8.627671541057369,74.53372675495778,PHK,PHK,1,18336,18364,18420,27,23,15,1,1,1,1
2020-09-27,9,"""phk buruh""+""phk karyawan""+""phk corona""",ID,2020-01-01 2020-10-31,web,0,2020,0.6430525131726955,7.764904386951632,74.53372675495778,PHK,PHK,1,18336,18364,18420,28,24,16,1,1,1,1
2020-10-04,18,"""phk buruh""+""phk karyawan""+""phk corona""",ID,2020-01-01 2020-10-31,web,0,2020,0.6430525131726955,15.529808773903264,74.53372675495778,PHK,PHK,1,18336,18364,18420,29,25,17,1,1,1,1
2020-10-11,8,"""phk buruh""+""phk karyawan""+""phk corona""",ID,2020-01-01 2020-10-31,web,0,2020,0.6430525131726955,6.902137232845895,74.53372675495778,PHK,PHK,1,18336,18364,18420,30,26,18,1,1,1,1
2020-10-18,8,"""phk buruh""+""phk karyawan""+""phk corona""",ID,2020-01-01 2020-10-31,web,0,2020,0.6430525131726955,6.902137232845895,74.53372675495778,PHK,PHK,1,18336,18364,18420,31,27,19,1,1,1,1
2020-10-25,19,"""phk buruh""+""phk karyawan""+""phk corona""",ID,2020-01-01 2020-10-31,web,0,2020,0.6430525131726955,16.392575928009006,74.53372675495778,PHK,PHK,1,18336,18364,18420,32,28,20,1,1,1,1
2020-01-05,96,"""jobstreet""",ID,2020-01-01 2020-10-31,web,0,2020,1.0504271874945843,96,105.04271874945844,Situs loker,Mencari pekerjaan/menyiapkan usaha,1,18336,18364,18420,-10,-14,-22,1,0,0,0
2020-01-12,94,"""jobstreet""",ID,2020-01-01 2020-10-31,web,0,2020,1.0504271874945843,94,105.04271874945844,Situs loker,Mencari pekerjaan/menyiapkan usaha,1,18336,18364,18420,-9,-13,-21,1,0,0,0
2020-01-19,88,"""jobstreet""",ID,2020-01-01 2020-10-31,web,0,2020,1.0504271874945843,88,105.04271874945844,Situs loker,Mencari pekerjaan/menyiapkan usaha,1,18336,18364,18420,-8,-12,-20,1,0,0,0
2020-01-26,90,"""jobstreet""",ID,2020-01-01 2020-10-31,web,0,2020,1.0504271874945843,90,105.04271874945844,Situs loker,Mencari pekerjaan/menyiapkan usaha,1,18336,18364,18420,-7,-11,-19,1,0,0,0
2020-02-02,93,"""jobstreet""",ID,2020-01-01 2020-10-31,web,0,2020,1.0504271874945843,93,105.04271874945844,Situs loker,Mencari pekerjaan/menyiapkan usaha,1,18336,18364,18420,-6,-10,-18,1,0,0,0
2020-02-09,99,"""jobstreet""",ID,2020-01-01 2020-10-31,web,0,2020,1.0504271874945843,99,105.04271874945844,Situs loker,Mencari pekerjaan/menyiapkan usaha,1,18336,18364,18420,-5,-9,-17,1,0,0,0
2020-02-16,95,"""jobstreet""",ID,2020-01-01 2020-10-31,web,0,2020,1.0504271874945843,95,105.04271874945844,Situs loker,Mencari pekerjaan/menyiapkan usaha,1,18336,18364,18420,-4,-8,-16,1,0,0,0
2020-02-23,89,"""jobstreet""",ID,2020-01-01 2020-10-31,web,0,2020,1.0504271874945843,89,105.04271874945844,Situs loker,Mencari pekerjaan/menyiapkan usaha,1,18336,18364,18420,-3,-7,-15,1,0,0,0
2020-03-01,85,"""jobstreet""",ID,2020-01-01 2020-10-31,web,0,2020,1.0504271874945843,85.00000000000001,105.04271874945844,Situs loker,Mencari pekerjaan/menyiapkan usaha,1,18336,18364,18420,-2,-6,-14,1,0,0,0
2020-03-08,93,"""jobstreet""",ID,2020-01-01 2020-10-31,web,0,2020,1.0504271874945843,93,105.04271874945844,Situs loker,Mencari pekerjaan/menyiapkan usaha,1,18336,18364,18420,-1,-5,-13,1,0,0,0
2020-03-15,63,"""jobstreet""",ID,2020-01-01 2020-10-31,web,0,2020,1.0504271874945843,62.999999999999986,105.04271874945844,Situs loker,Mencari pekerjaan/menyiapkan usaha,1,18336,18364,18420,0,-4,-12,1,0,0,0
2020-03-22,42,"""jobstreet""",ID,2020-01-01 2020-10-31,web,0,2020,1.0504271874945843,42,105.04271874945844,Situs loker,Mencari pekerjaan/menyiapkan usaha,1,18336,18364,18420,1,-3,-11,1,1,0,0
2020-03-29,43,"""jobstreet""",ID,2020-01-01 2020-10-31,web,0,2020,1.0504271874945843,43,105.04271874945844,Situs loker,Mencari pekerjaan/menyiapkan usaha,1,18336,18364,18420,2,-2,-10,1,1,0,0
2020-04-05,42,"""jobstreet""",ID,2020-01-01 2020-10-31,web,0,2020,1.0504271874945843,42,105.04271874945844,Situs loker,Mencari pekerjaan/menyiapkan usaha,1,18336,18364,18420,3,-1,-9,1,1,0,0
2020-04-12,38,"""jobstreet""",ID,2020-01-01 2020-10-31,web,0,2020,1.0504271874945843,38,105.04271874945844,Situs loker,Mencari pekerjaan/menyiapkan usaha,1,18336,18364,18420,4,0,-8,1,1,0,0
2020-04-19,41,"""jobstreet""",ID,2020-01-01 2020-10-31,web,0,2020,1.0504271874945843,41,105.04271874945844,Situs loker,Mencari pekerjaan/menyiapkan usaha,1,18336,18364,18420,5,1,-7,1,1,1,0
2020-04-26,40,"""jobstreet""",ID,2020-01-01 2020-10-31,web,0,2020,1.0504271874945843,40,105.04271874945844,Situs loker,Mencari pekerjaan/menyiapkan usaha,1,18336,18364,18420,6,2,-6,1,1,1,0
2020-05-03,40,"""jobstreet""",ID,2020-01-01 2020-10-31,web,0,2020,1.0504271874945843,40,105.04271874945844,Situs loker,Mencari pekerjaan/menyiapkan usaha,1,18336,18364,18420,7,3,-5,1,1,1,0
2020-05-10,42,"""jobstreet""",ID,2020-01-01 2020-10-31,web,0,2020,1.0504271874945843,42,105.04271874945844,Situs loker,Mencari pekerjaan/menyiapkan usaha,1,18336,18364,18420,8,4,-4,1,1,1,0
2020-05-17,36,"""jobstreet""",ID,2020-01-01 2020-10-31,web,0,2020,1.0504271874945843,36,105.04271874945844,Situs loker,Mencari pekerjaan/menyiapkan usaha,1,18336,18364,18420,9,5,-3,1,1,1,0
2020-05-24,58,"""jobstreet""",ID,2020-01-01 2020-10-31,web,0,2020,1.0504271874945843,57.99999999999999,105.04271874945844,Situs loker,Mencari pekerjaan/menyiapkan usaha,1,18336,18364,18420,10,6,-2,1,1,1,0
2020-05-31,69,"""jobstreet""",ID,2020-01-01 2020-10-31,web,0,2020,1.0504271874945843,69,105.04271874945844,Situs loker,Mencari pekerjaan/menyiapkan usaha,1,18336,18364,18420,11,7,-1,1,1,1,0
2020-06-07,83,"""jobstreet""",ID,2020-01-01 2020-10-31,web,0,2020,1.0504271874945843,83,105.04271874945844,Situs loker,Mencari pekerjaan/menyiapkan usaha,1,18336,18364,18420,12,8,0,1,1,1,0
2020-06-14,97,"""jobstreet""",ID,2020-01-01 2020-10-31,web,0,2020,1.0504271874945843,97,105.04271874945844,Situs loker,Mencari pekerjaan/menyiapkan usaha,1,18336,18364,18420,13,9,1,1,1,1,1
2020-06-21,98,"""jobstreet""",ID,2020-01-01 2020-10-31,web,0,2020,1.0504271874945843,98,105.04271874945844,Situs loker,Mencari pekerjaan/menyiapkan usaha,1,18336,18364,18420,14,10,2,1,1,1,1
2020-06-28,97,"""jobstreet""",ID,2020-01-01 2020-10-31,web,0,2020,1.0504271874945843,97,105.04271874945844,Situs loker,Mencari pekerjaan/menyiapkan usaha,1,18336,18364,18420,15,11,3,1,1,1,1
2020-07-05,100,"""jobstreet""",ID,2020-01-01 2020-10-31,web,0,2020,1.0504271874945843,100,105.04271874945844,Situs loker,Mencari pekerjaan/menyiapkan usaha,1,18336,18364,18420,16,12,4,1,1,1,1
2020-07-12,86,"""jobstreet""",ID,2020-01-01 2020-10-31,web,0,2020,1.0504271874945843,86,105.04271874945844,Situs loker,Mencari pekerjaan/menyiapkan usaha,1,18336,18364,18420,17,13,5,1,1,1,1
2020-07-19,77,"""jobstreet""",ID,2020-01-01 2020-10-31,web,0,2020,1.0504271874945843,77,105.04271874945844,Situs loker,Mencari pekerjaan/menyiapkan usaha,1,18336,18364,18420,18,14,6,1,1,1,1
2020-07-26,70,"""jobstreet""",ID,2020-01-01 2020-10-31,web,0,2020,1.0504271874945843,70,105.04271874945844,Situs loker,Mencari pekerjaan/menyiapkan usaha,1,18336,18364,18420,19,15,7,1,1,1,1
2020-08-02,81,"""jobstreet""",ID,2020-01-01 2020-10-31,web,0,2020,1.0504271874945843,81,105.04271874945844,Situs loker,Mencari pekerjaan/menyiapkan usaha,1,18336,18364,18420,20,16,8,1,1,1,1
2020-08-09,77,"""jobstreet""",ID,2020-01-01 2020-10-31,web,0,2020,1.0504271874945843,77,105.04271874945844,Situs loker,Mencari pekerjaan/menyiapkan usaha,1,18336,18364,18420,21,17,9,1,1,1,1
2020-08-16,63,"""jobstreet""",ID,2020-01-01 2020-10-31,web,0,2020,1.0504271874945843,62.999999999999986,105.04271874945844,Situs loker,Mencari pekerjaan/menyiapkan usaha,1,18336,18364,18420,22,18,10,1,1,1,1
2020-08-23,73,"""jobstreet""",ID,2020-01-01 2020-10-31,web,0,2020,1.0504271874945843,73.00000000000001,105.04271874945844,Situs loker,Mencari pekerjaan/menyiapkan usaha,1,18336,18364,18420,23,19,11,1,1,1,1
2020-08-30,73,"""jobstreet""",ID,2020-01-01 2020-10-31,web,0,2020,1.0504271874945843,73.00000000000001,105.04271874945844,Situs loker,Mencari pekerjaan/menyiapkan usaha,1,18336,18364,18420,24,20,12,1,1,1,1
2020-09-06,70,"""jobstreet""",ID,2020-01-01 2020-10-31,web,0,2020,1.0504271874945843,70,105.04271874945844,Situs loker,Mencari pekerjaan/menyiapkan usaha,1,18336,18364,18420,25,21,13,1,1,1,1
2020-09-13,62,"""jobstreet""",ID,2020-01-01 2020-10-31,web,0,2020,1.0504271874945843,62,105.04271874945844,Situs loker,Mencari pekerjaan/menyiapkan usaha,1,18336,18364,18420,26,22,14,1,1,1,1
2020-09-20,62,"""jobstreet""",ID,2020-01-01 2020-10-31,web,0,2020,1.0504271874945843,62,105.04271874945844,Situs loker,Mencari pekerjaan/menyiapkan usaha,1,18336,18364,18420,27,23,15,1,1,1,1
2020-09-27,62,"""jobstreet""",ID,2020-01-01 2020-10-31,web,0,2020,1.0504271874945843,62,105.04271874945844,Situs loker,Mencari pekerjaan/menyiapkan usaha,1,18336,18364,18420,28,24,16,1,1,1,1
2020-10-04,55,"""jobstreet""",ID,2020-01-01 2020-10-31,web,0,2020,1.0504271874945843,55.00000000000001,105.04271874945844,Situs loker,Mencari pekerjaan/menyiapkan usaha,1,18336,18364,18420,29,25,17,1,1,1,1
2020-10-11,58,"""jobstreet""",ID,2020-01-01 2020-10-31,web,0,2020,1.0504271874945843,57.99999999999999,105.04271874945844,Situs loker,Mencari pekerjaan/menyiapkan usaha,1,18336,18364,18420,30,26,18,1,1,1,1
2020-10-18,66,"""jobstreet""",ID,2020-01-01 2020-10-31,web,0,2020,1.0504271874945843,66,105.04271874945844,Situs loker,Mencari pekerjaan/menyiapkan usaha,1,18336,18364,18420,31,27,19,1,1,1,1
2020-10-25,51,"""jobstreet""",ID,2020-01-01 2020-10-31,web,0,2020,1.0504271874945843,51,105.04271874945844,Situs loker,Mencari pekerjaan/menyiapkan usaha,1,18336,18364,18420,32,28,20,1,1,1,1
2020-01-05,45,"""lowongan kurir""+""loker kurir""",ID,2020-01-01 2020-10-31,web,0,2020,0.8049348557741942,45,80.49348557741942,Kurir,Mencari pekerjaan/menyiapkan usaha,1,18336,18364,18420,-10,-14,-22,1,0,0,0
2020-01-12,55,"""lowongan kurir""+""loker kurir""",ID,2020-01-01 2020-10-31,web,0,2020,0.8049348557741942,54.99999999999999,80.49348557741942,Kurir,Mencari pekerjaan/menyiapkan usaha,1,18336,18364,18420,-9,-13,-21,1,0,0,0
2020-01-19,59,"""lowongan kurir""+""loker kurir""",ID,2020-01-01 2020-10-31,web,0,2020,0.8049348557741942,59.00000000000001,80.49348557741942,Kurir,Mencari pekerjaan/menyiapkan usaha,1,18336,18364,18420,-8,-12,-20,1,0,0,0
2020-01-26,39,"""lowongan kurir""+""loker kurir""",ID,2020-01-01 2020-10-31,web,0,2020,0.8049348557741942,39,80.49348557741942,Kurir,Mencari pekerjaan/menyiapkan usaha,1,18336,18364,18420,-7,-11,-19,1,0,0,0
2020-02-02,55,"""lowongan kurir""+""loker kurir""",ID,2020-01-01 2020-10-31,web,0,2020,0.8049348557741942,54.99999999999999,80.49348557741942,Kurir,Mencari pekerjaan/menyiapkan usaha,1,18336,18364,18420,-6,-10,-18,1,0,0,0
2020-02-09,53,"""lowongan kurir""+""loker kurir""",ID,2020-01-01 2020-10-31,web,0,2020,0.8049348557741942,53,80.49348557741942,Kurir,Mencari pekerjaan/menyiapkan usaha,1,18336,18364,18420,-5,-9,-17,1,0,0,0
2020-02-16,50,"""lowongan kurir""+""loker kurir""",ID,2020-01-01 2020-10-31,web,0,2020,0.8049348557741942,50,80.49348557741942,Kurir,Mencari pekerjaan/menyiapkan usaha,1,18336,18364,18420,-4,-8,-16,1,0,0,0
2020-02-23,59,"""lowongan kurir""+""loker kurir""",ID,2020-01-01 2020-10-31,web,0,2020,0.8049348557741942,59.00000000000001,80.49348557741942,Kurir,Mencari pekerjaan/menyiapkan usaha,1,18336,18364,18420,-3,-7,-15,1,0,0,0
2020-03-01,51,"""lowongan kurir""+""loker kurir""",ID,2020-01-01 2020-10-31,web,0,2020,0.8049348557741942,51,80.49348557741942,Kurir,Mencari pekerjaan/menyiapkan usaha,1,18336,18364,18420,-2,-6,-14,1,0,0,0
2020-03-08,50,"""lowongan kurir""+""loker kurir""",ID,2020-01-01 2020-10-31,web,0,2020,0.8049348557741942,50,80.49348557741942,Kurir,Mencari pekerjaan/menyiapkan usaha,1,18336,18364,18420,-1,-5,-13,1,0,0,0
2020-03-15,49,"""lowongan kurir""+""loker kurir""",ID,2020-01-01 2020-10-31,web,0,2020,0.8049348557741942,49.00000000000001,80.49348557741942,Kurir,Mencari pekerjaan/menyiapkan usaha,1,18336,18364,18420,0,-4,-12,1,0,0,0
2020-03-22,39,"""lowongan kurir""+""loker kurir""",ID,2020-01-01 2020-10-31,web,0,2020,0.8049348557741942,39,80.49348557741942,Kurir,Mencari pekerjaan/menyiapkan usaha,1,18336,18364,18420,1,-3,-11,1,1,0,0
2020-03-29,41,"""lowongan kurir""+""loker kurir""",ID,2020-01-01 2020-10-31,web,0,2020,0.8049348557741942,41,80.49348557741942,Kurir,Mencari pekerjaan/menyiapkan usaha,1,18336,18364,18420,2,-2,-10,1,1,0,0
2020-04-05,60,"""lowongan kurir""+""loker kurir""",ID,2020-01-01 2020-10-31,web,0,2020,0.8049348557741942,60,80.49348557741942,Kurir,Mencari pekerjaan/menyiapkan usaha,1,18336,18364,18420,3,-1,-9,1,1,0,0
2020-04-12,53,"""lowongan kurir""+""loker kurir""",ID,2020-01-01 2020-10-31,web,0,2020,0.8049348557741942,53,80.49348557741942,Kurir,Mencari pekerjaan/menyiapkan usaha,1,18336,18364,18420,4,0,-8,1,1,0,0
2020-04-19,51,"""lowongan kurir""+""loker kurir""",ID,2020-01-01 2020-10-31,web,0,2020,0.8049348557741942,51,80.49348557741942,Kurir,Mencari pekerjaan/menyiapkan usaha,1,18336,18364,18420,5,1,-7,1,1,1,0
2020-04-26,56,"""lowongan kurir""+""loker kurir""",ID,2020-01-01 2020-10-31,web,0,2020,0.8049348557741942,56.00000000000001,80.49348557741942,Kurir,Mencari pekerjaan/menyiapkan usaha,1,18336,18364,18420,6,2,-6,1,1,1,0
2020-05-03,58,"""lowongan kurir""+""loker kurir""",ID,2020-01-01 2020-10-31,web,0,2020,0.8049348557741942,57.99999999999999,80.49348557741942,Kurir,Mencari pekerjaan/menyiapkan usaha,1,18336,18364,18420,7,3,-5,1,1,1,0
2020-05-10,47,"""lowongan kurir""+""loker kurir""",ID,2020-01-01 2020-10-31,web,0,2020,0.8049348557741942,47,80.49348557741942,Kurir,Mencari pekerjaan/menyiapkan usaha,1,18336,18364,18420,8,4,-4,1,1,1,0
2020-05-17,33,"""lowongan kurir""+""loker kurir""",ID,2020-01-01 2020-10-31,web,0,2020,0.8049348557741942,33,80.49348557741942,Kurir,Mencari pekerjaan/menyiapkan usaha,1,18336,18364,18420,9,5,-3,1,1,1,0
2020-05-24,46,"""lowongan kurir""+""loker kurir""",ID,2020-01-01 2020-10-31,web,0,2020,0.8049348557741942,46,80.49348557741942,Kurir,Mencari pekerjaan/menyiapkan usaha,1,18336,18364,18420,10,6,-2,1,1,1,0
2020-05-31,73,"""lowongan kurir""+""loker kurir""",ID,2020-01-01 2020-10-31,web,0,2020,0.8049348557741942,73.00000000000001,80.49348557741942,Kurir,Mencari pekerjaan/menyiapkan usaha,1,18336,18364,18420,11,7,-1,1,1,1,0
2020-06-07,79,"""lowongan kurir""+""loker kurir""",ID,2020-01-01 2020-10-31,web,0,2020,0.8049348557741942,79,80.49348557741942,Kurir,Mencari pekerjaan/menyiapkan usaha,1,18336,18364,18420,12,8,0,1,1,1,0
2020-06-14,97,"""lowongan kurir""+""loker kurir""",ID,2020-01-01 2020-10-31,web,0,2020,0.8049348557741942,97,80.49348557741942,Kurir,Mencari pekerjaan/menyiapkan usaha,1,18336,18364,18420,13,9,1,1,1,1,1
2020-06-21,87,"""lowongan kurir""+""loker kurir""",ID,2020-01-01 2020-10-31,web,0,2020,0.8049348557741942,87,80.49348557741942,Kurir,Mencari pekerjaan/menyiapkan usaha,1,18336,18364,18420,14,10,2,1,1,1,1
2020-06-28,96,"""lowongan kurir""+""loker kurir""",ID,2020-01-01 2020-10-31,web,0,2020,0.8049348557741942,96,80.49348557741942,Kurir,Mencari pekerjaan/menyiapkan usaha,1,18336,18364,18420,15,11,3,1,1,1,1
2020-07-05,100,"""lowongan kurir""+""loker kurir""",ID,2020-01-01 2020-10-31,web,0,2020,0.8049348557741942,100,80.49348557741942,Kurir,Mencari pekerjaan/menyiapkan usaha,1,18336,18364,18420,16,12,4,1,1,1,1
2020-07-12,92,"""lowongan kurir""+""loker kurir""",ID,2020-01-01 2020-10-31,web,0,2020,0.8049348557741942,92,80.49348557741942,Kurir,Mencari pekerjaan/menyiapkan usaha,1,18336,18364,18420,17,13,5,1,1,1,1
2020-07-19,77,"""lowongan kurir""+""loker kurir""",ID,2020-01-01 2020-10-31,web,0,2020,0.8049348557741942,77,80.49348557741942,Kurir,Mencari pekerjaan/menyiapkan usaha,1,18336,18364,18420,18,14,6,1,1,1,1
2020-07-26,71,"""lowongan kurir""+""loker kurir""",ID,2020-01-01 2020-10-31,web,0,2020,0.8049348557741942,71,80.49348557741942,Kurir,Mencari pekerjaan/menyiapkan usaha,1,18336,18364,18420,19,15,7,1,1,1,1
2020-08-02,58,"""lowongan kurir""+""loker kurir""",ID,2020-01-01 2020-10-31,web,0,2020,0.8049348557741942,57.99999999999999,80.49348557741942,Kurir,Mencari pekerjaan/menyiapkan usaha,1,18336,18364,18420,20,16,8,1,1,1,1
2020-08-09,65,"""lowongan kurir""+""loker kurir""",ID,2020-01-01 2020-10-31,web,0,2020,0.8049348557741942,65,80.49348557741942,Kurir,Mencari pekerjaan/menyiapkan usaha,1,18336,18364,18420,21,17,9,1,1,1,1
2020-08-16,56,"""lowongan kurir""+""loker kurir""",ID,2020-01-01 2020-10-31,web,0,2020,0.8049348557741942,56.00000000000001,80.49348557741942,Kurir,Mencari pekerjaan/menyiapkan usaha,1,18336,18364,18420,22,18,10,1,1,1,1
2020-08-23,67,"""lowongan kurir""+""loker kurir""",ID,2020-01-01 2020-10-31,web,0,2020,0.8049348557741942,67,80.49348557741942,Kurir,Mencari pekerjaan/menyiapkan usaha,1,18336,18364,18420,23,19,11,1,1,1,1
2020-08-30,67,"""lowongan kurir""+""loker kurir""",ID,2020-01-01 2020-10-31,web,0,2020,0.8049348557741942,67,80.49348557741942,Kurir,Mencari pekerjaan/menyiapkan usaha,1,18336,18364,18420,24,20,12,1,1,1,1
2020-09-06,57,"""lowongan kurir""+""loker kurir""",ID,2020-01-01 2020-10-31,web,0,2020,0.8049348557741942,56.99999999999999,80.49348557741942,Kurir,Mencari pekerjaan/menyiapkan usaha,1,18336,18364,18420,25,21,13,1,1,1,1
2020-09-13,51,"""lowongan kurir""+""loker kurir""",ID,2020-01-01 2020-10-31,web,0,2020,0.8049348557741942,51,80.49348557741942,Kurir,Mencari pekerjaan/menyiapkan usaha,1,18336,18364,18420,26,22,14,1,1,1,1
2020-09-20,51,"""lowongan kurir""+""loker kurir""",ID,2020-01-01 2020-10-31,web,0,2020,0.8049348557741942,51,80.49348557741942,Kurir,Mencari pekerjaan/menyiapkan usaha,1,18336,18364,18420,27,23,15,1,1,1,1
2020-09-27,51,"""lowongan kurir""+""loker kurir""",ID,2020-01-01 2020-10-31,web,0,2020,0.8049348557741942,51,80.49348557741942,Kurir,Mencari pekerjaan/menyiapkan usaha,1,18336,18364,18420,28,24,16,1,1,1,1
2020-10-04,49,"""lowongan kurir""+""loker kurir""",ID,2020-01-01 2020-10-31,web,0,2020,0.8049348557741942,49.00000000000001,80.49348557741942,Kurir,Mencari pekerjaan/menyiapkan usaha,1,18336,18364,18420,29,25,17,1,1,1,1
2020-10-11,52,"""lowongan kurir""+""loker kurir""",ID,2020-01-01 2020-10-31,web,0,2020,0.8049348557741942,52,80.49348557741942,Kurir,Mencari pekerjaan/menyiapkan usaha,1,18336,18364,18420,30,26,18,1,1,1,1
2020-10-18,57,"""lowongan kurir""+""loker kurir""",ID,2020-01-01 2020-10-31,web,0,2020,0.8049348557741942,56.99999999999999,80.49348557741942,Kurir,Mencari pekerjaan/menyiapkan usaha,1,18336,18364,18420,31,27,19,1,1,1,1
2020-10-25,47,"""lowongan kurir""+""loker kurir""",ID,2020-01-01 2020-10-31,web,0,2020,0.8049348557741942,47,80.49348557741942,Kurir,Mencari pekerjaan/menyiapkan usaha,1,18336,18364,18420,32,28,20,1,1,1,1
2020-01-05,100,"""daftar gojek""+""daftar grab""",ID,2020-01-01 2020-10-31,web,0,2020,1.6795278351318712,100,167.95278351318711,Driver online,Mencari pekerjaan/menyiapkan usaha,1,18336,18364,18420,-10,-14,-22,1,0,0,0
2020-01-12,93,"""daftar gojek""+""daftar grab""",ID,2020-01-01 2020-10-31,web,0,2020,1.6795278351318712,93,167.95278351318711,Driver online,Mencari pekerjaan/menyiapkan usaha,1,18336,18364,18420,-9,-13,-21,1,0,0,0
2020-01-19,89,"""daftar gojek""+""daftar grab""",ID,2020-01-01 2020-10-31,web,0,2020,1.6795278351318712,89.00000000000001,167.95278351318711,Driver online,Mencari pekerjaan/menyiapkan usaha,1,18336,18364,18420,-8,-12,-20,1,0,0,0
2020-01-26,73,"""daftar gojek""+""daftar grab""",ID,2020-01-01 2020-10-31,web,0,2020,1.6795278351318712,73,167.95278351318711,Driver online,Mencari pekerjaan/menyiapkan usaha,1,18336,18364,18420,-7,-11,-19,1,0,0,0
2020-02-02,63,"""daftar gojek""+""daftar grab""",ID,2020-01-01 2020-10-31,web,0,2020,1.6795278351318712,63.000000000000014,167.95278351318711,Driver online,Mencari pekerjaan/menyiapkan usaha,1,18336,18364,18420,-6,-10,-18,1,0,0,0
2020-02-09,63,"""daftar gojek""+""daftar grab""",ID,2020-01-01 2020-10-31,web,0,2020,1.6795278351318712,63.000000000000014,167.95278351318711,Driver online,Mencari pekerjaan/menyiapkan usaha,1,18336,18364,18420,-5,-9,-17,1,0,0,0
2020-02-16,61,"""daftar gojek""+""daftar grab""",ID,2020-01-01 2020-10-31,web,0,2020,1.6795278351318712,61.00000000000001,167.95278351318711,Driver online,Mencari pekerjaan/menyiapkan usaha,1,18336,18364,18420,-4,-8,-16,1,0,0,0
2020-02-23,48,"""daftar gojek""+""daftar grab""",ID,2020-01-01 2020-10-31,web,0,2020,1.6795278351318712,48,167.95278351318711,Driver online,Mencari pekerjaan/menyiapkan usaha,1,18336,18364,18420,-3,-7,-15,1,0,0,0
2020-03-01,47,"""daftar gojek""+""daftar grab""",ID,2020-01-01 2020-10-31,web,0,2020,1.6795278351318712,47,167.95278351318711,Driver online,Mencari pekerjaan/menyiapkan usaha,1,18336,18364,18420,-2,-6,-14,1,0,0,0
2020-03-08,51,"""daftar gojek""+""daftar grab""",ID,2020-01-01 2020-10-31,web,0,2020,1.6795278351318712,51,167.95278351318711,Driver online,Mencari pekerjaan/menyiapkan usaha,1,18336,18364,18420,-1,-5,-13,1,0,0,0
2020-03-15,35,"""daftar gojek""+""daftar grab""",ID,2020-01-01 2020-10-31,web,0,2020,1.6795278351318712,35,167.95278351318711,Driver online,Mencari pekerjaan/menyiapkan usaha,1,18336,18364,18420,0,-4,-12,1,0,0,0
2020-03-22,23,"""daftar gojek""+""daftar grab""",ID,2020-01-01 2020-10-31,web,0,2020,1.6795278351318712,23,167.95278351318711,Driver online,Mencari pekerjaan/menyiapkan usaha,1,18336,18364,18420,1,-3,-11,1,1,0,0
2020-03-29,18,"""daftar gojek""+""daftar grab""",ID,2020-01-01 2020-10-31,web,0,2020,1.6795278351318712,18.000000000000004,167.95278351318711,Driver online,Mencari pekerjaan/menyiapkan usaha,1,18336,18364,18420,2,-2,-10,1,1,0,0
2020-04-05,19,"""daftar gojek""+""daftar grab""",ID,2020-01-01 2020-10-31,web,0,2020,1.6795278351318712,19,167.95278351318711,Driver online,Mencari pekerjaan/menyiapkan usaha,1,18336,18364,18420,3,-1,-9,1,1,0,0
2020-04-12,17,"""daftar gojek""+""daftar grab""",ID,2020-01-01 2020-10-31,web,0,2020,1.6795278351318712,17,167.95278351318711,Driver online,Mencari pekerjaan/menyiapkan usaha,1,18336,18364,18420,4,0,-8,1,1,0,0
2020-04-19,17,"""daftar gojek""+""daftar grab""",ID,2020-01-01 2020-10-31,web,0,2020,1.6795278351318712,17,167.95278351318711,Driver online,Mencari pekerjaan/menyiapkan usaha,1,18336,18364,18420,5,1,-7,1,1,1,0
2020-04-26,14,"""daftar gojek""+""daftar grab""",ID,2020-01-01 2020-10-31,web,0,2020,1.6795278351318712,14.000000000000002,167.95278351318711,Driver online,Mencari pekerjaan/menyiapkan usaha,1,18336,18364,18420,6,2,-6,1,1,1,0
2020-05-03,15,"""daftar gojek""+""daftar grab""",ID,2020-01-01 2020-10-31,web,0,2020,1.6795278351318712,15,167.95278351318711,Driver online,Mencari pekerjaan/menyiapkan usaha,1,18336,18364,18420,7,3,-5,1,1,1,0
2020-05-10,13,"""daftar gojek""+""daftar grab""",ID,2020-01-01 2020-10-31,web,0,2020,1.6795278351318712,13,167.95278351318711,Driver online,Mencari pekerjaan/menyiapkan usaha,1,18336,18364,18420,8,4,-4,1,1,1,0
2020-05-17,9,"""daftar gojek""+""daftar grab""",ID,2020-01-01 2020-10-31,web,0,2020,1.6795278351318712,9.000000000000002,167.95278351318711,Driver online,Mencari pekerjaan/menyiapkan usaha,1,18336,18364,18420,9,5,-3,1,1,1,0
2020-05-24,17,"""daftar gojek""+""daftar grab""",ID,2020-01-01 2020-10-31,web,0,2020,1.6795278351318712,17,167.95278351318711,Driver online,Mencari pekerjaan/menyiapkan usaha,1,18336,18364,18420,10,6,-2,1,1,1,0
2020-05-31,25,"""daftar gojek""+""daftar grab""",ID,2020-01-01 2020-10-31,web,0,2020,1.6795278351318712,25,167.95278351318711,Driver online,Mencari pekerjaan/menyiapkan usaha,1,18336,18364,18420,11,7,-1,1,1,1,0
2020-06-07,27,"""daftar gojek""+""daftar grab""",ID,2020-01-01 2020-10-31,web,0,2020,1.6795278351318712,27,167.95278351318711,Driver online,Mencari pekerjaan/menyiapkan usaha,1,18336,18364,18420,12,8,0,1,1,1,0
2020-06-14,28,"""daftar gojek""+""daftar grab""",ID,2020-01-01 2020-10-31,web,0,2020,1.6795278351318712,28.000000000000004,167.95278351318711,Driver online,Mencari pekerjaan/menyiapkan usaha,1,18336,18364,18420,13,9,1,1,1,1,1
2020-06-21,30,"""daftar gojek""+""daftar grab""",ID,2020-01-01 2020-10-31,web,0,2020,1.6795278351318712,30,167.95278351318711,Driver online,Mencari pekerjaan/menyiapkan usaha,1,18336,18364,18420,14,10,2,1,1,1,1
2020-06-28,27,"""daftar gojek""+""daftar grab""",ID,2020-01-01 2020-10-31,web,0,2020,1.6795278351318712,27,167.95278351318711,Driver online,Mencari pekerjaan/menyiapkan usaha,1,18336,18364,18420,15,11,3,1,1,1,1
2020-07-05,26,"""daftar gojek""+""daftar grab""",ID,2020-01-01 2020-10-31,web,0,2020,1.6795278351318712,26,167.95278351318711,Driver online,Mencari pekerjaan/menyiapkan usaha,1,18336,18364,18420,16,12,4,1,1,1,1
2020-07-12,27,"""daftar gojek""+""daftar grab""",ID,2020-01-01 2020-10-31,web,0,2020,1.6795278351318712,27,167.95278351318711,Driver online,Mencari pekerjaan/menyiapkan usaha,1,18336,18364,18420,17,13,5,1,1,1,1
2020-07-19,26,"""daftar gojek""+""daftar grab""",ID,2020-01-01 2020-10-31,web,0,2020,1.6795278351318712,26,167.95278351318711,Driver online,Mencari pekerjaan/menyiapkan usaha,1,18336,18364,18420,18,14,6,1,1,1,1
2020-07-26,20,"""daftar gojek""+""daftar grab""",ID,2020-01-01 2020-10-31,web,0,2020,1.6795278351318712,20,167.95278351318711,Driver online,Mencari pekerjaan/menyiapkan usaha,1,18336,18364,18420,19,15,7,1,1,1,1
2020-08-02,21,"""daftar gojek""+""daftar grab""",ID,2020-01-01 2020-10-31,web,0,2020,1.6795278351318712,21,167.95278351318711,Driver online,Mencari pekerjaan/menyiapkan usaha,1,18336,18364,18420,20,16,8,1,1,1,1
2020-08-09,19,"""daftar gojek""+""daftar grab""",ID,2020-01-01 2020-10-31,web,0,2020,1.6795278351318712,19,167.95278351318711,Driver online,Mencari pekerjaan/menyiapkan usaha,1,18336,18364,18420,21,17,9,1,1,1,1
2020-08-16,22,"""daftar gojek""+""daftar grab""",ID,2020-01-01 2020-10-31,web,0,2020,1.6795278351318712,22,167.95278351318711,Driver online,Mencari pekerjaan/menyiapkan usaha,1,18336,18364,18420,22,18,10,1,1,1,1
2020-08-23,21,"""daftar gojek""+""daftar grab""",ID,2020-01-01 2020-10-31,web,0,2020,1.6795278351318712,21,167.95278351318711,Driver online,Mencari pekerjaan/menyiapkan usaha,1,18336,18364,18420,23,19,11,1,1,1,1
2020-08-30,19,"""daftar gojek""+""daftar grab""",ID,2020-01-01 2020-10-31,web,0,2020,1.6795278351318712,19,167.95278351318711,Driver online,Mencari pekerjaan/menyiapkan usaha,1,18336,18364,18420,24,20,12,1,1,1,1
2020-09-06,20,"""daftar gojek""+""daftar grab""",ID,2020-01-01 2020-10-31,web,0,2020,1.6795278351318712,20,167.95278351318711,Driver online,Mencari pekerjaan/menyiapkan usaha,1,18336,18364,18420,25,21,13,1,1,1,1
2020-09-13,15,"""daftar gojek""+""daftar grab""",ID,2020-01-01 2020-10-31,web,0,2020,1.6795278351318712,15,167.95278351318711,Driver online,Mencari pekerjaan/menyiapkan usaha,1,18336,18364,18420,26,22,14,1,1,1,1
2020-09-20,16,"""daftar gojek""+""daftar grab""",ID,2020-01-01 2020-10-31,web,0,2020,1.6795278351318712,16,167.95278351318711,Driver online,Mencari pekerjaan/menyiapkan usaha,1,18336,18364,18420,27,23,15,1,1,1,1
2020-09-27,14,"""daftar gojek""+""daftar grab""",ID,2020-01-01 2020-10-31,web,0,2020,1.6795278351318712,14.000000000000002,167.95278351318711,Driver online,Mencari pekerjaan/menyiapkan usaha,1,18336,18364,18420,28,24,16,1,1,1,1
2020-10-04,16,"""daftar gojek""+""daftar grab""",ID,2020-01-01 2020-10-31,web,0,2020,1.6795278351318712,16,167.95278351318711,Driver online,Mencari pekerjaan/menyiapkan usaha,1,18336,18364,18420,29,25,17,1,1,1,1
2020-10-11,15,"""daftar gojek""+""daftar grab""",ID,2020-01-01 2020-10-31,web,0,2020,1.6795278351318712,15,167.95278351318711,Driver online,Mencari pekerjaan/menyiapkan usaha,1,18336,18364,18420,30,26,18,1,1,1,1
2020-10-18,15,"""daftar gojek""+""daftar grab""",ID,2020-01-01 2020-10-31,web,0,2020,1.6795278351318712,15,167.95278351318711,Driver online,Mencari pekerjaan/menyiapkan usaha,1,18336,18364,18420,31,27,19,1,1,1,1
2020-10-25,17,"""daftar gojek""+""daftar grab""",ID,2020-01-01 2020-10-31,web,0,2020,1.6795278351318712,17,167.95278351318711,Driver online,Mencari pekerjaan/menyiapkan usaha,1,18336,18364,18420,32,28,20,1,1,1,1
2020-01-05,48,"""modal jualan""+""cara jualan online""",ID,2020-01-01 2020-10-31,web,0,2020,0.938890268123138,48,93.8890268123138,Berjualan,Mencari pekerjaan/menyiapkan usaha,1,18336,18364,18420,-10,-14,-22,1,0,0,0
2020-01-12,65,"""modal jualan""+""cara jualan online""",ID,2020-01-01 2020-10-31,web,0,2020,0.938890268123138,65,93.8890268123138,Berjualan,Mencari pekerjaan/menyiapkan usaha,1,18336,18364,18420,-9,-13,-21,1,0,0,0
2020-01-19,50,"""modal jualan""+""cara jualan online""",ID,2020-01-01 2020-10-31,web,0,2020,0.938890268123138,50,93.8890268123138,Berjualan,Mencari pekerjaan/menyiapkan usaha,1,18336,18364,18420,-8,-12,-20,1,0,0,0
2020-01-26,51,"""modal jualan""+""cara jualan online""",ID,2020-01-01 2020-10-31,web,0,2020,0.938890268123138,51,93.8890268123138,Berjualan,Mencari pekerjaan/menyiapkan usaha,1,18336,18364,18420,-7,-11,-19,1,0,0,0
2020-02-02,44,"""modal jualan""+""cara jualan online""",ID,2020-01-01 2020-10-31,web,0,2020,0.938890268123138,44.00000000000001,93.8890268123138,Berjualan,Mencari pekerjaan/menyiapkan usaha,1,18336,18364,18420,-6,-10,-18,1,0,0,0
2020-02-09,50,"""modal jualan""+""cara jualan online""",ID,2020-01-01 2020-10-31,web,0,2020,0.938890268123138,50,93.8890268123138,Berjualan,Mencari pekerjaan/menyiapkan usaha,1,18336,18364,18420,-5,-9,-17,1,0,0,0
2020-02-16,50,"""modal jualan""+""cara jualan online""",ID,2020-01-01 2020-10-31,web,0,2020,0.938890268123138,50,93.8890268123138,Berjualan,Mencari pekerjaan/menyiapkan usaha,1,18336,18364,18420,-4,-8,-16,1,0,0,0
2020-02-23,42,"""modal jualan""+""cara jualan online""",ID,2020-01-01 2020-10-31,web,0,2020,0.938890268123138,42.00000000000001,93.8890268123138,Berjualan,Mencari pekerjaan/menyiapkan usaha,1,18336,18364,18420,-3,-7,-15,1,0,0,0
2020-03-01,63,"""modal jualan""+""cara jualan online""",ID,2020-01-01 2020-10-31,web,0,2020,0.938890268123138,63,93.8890268123138,Berjualan,Mencari pekerjaan/menyiapkan usaha,1,18336,18364,18420,-2,-6,-14,1,0,0,0
2020-03-08,52,"""modal jualan""+""cara jualan online""",ID,2020-01-01 2020-10-31,web,0,2020,0.938890268123138,52,93.8890268123138,Berjualan,Mencari pekerjaan/menyiapkan usaha,1,18336,18364,18420,-1,-5,-13,1,0,0,0
2020-03-15,54,"""modal jualan""+""cara jualan online""",ID,2020-01-01 2020-10-31,web,0,2020,0.938890268123138,54,93.8890268123138,Berjualan,Mencari pekerjaan/menyiapkan usaha,1,18336,18364,18420,0,-4,-12,1,0,0,0
2020-03-22,39,"""modal jualan""+""cara jualan online""",ID,2020-01-01 2020-10-31,web,0,2020,0.938890268123138,39,93.8890268123138,Berjualan,Mencari pekerjaan/menyiapkan usaha,1,18336,18364,18420,1,-3,-11,1,1,0,0
2020-03-29,52,"""modal jualan""+""cara jualan online""",ID,2020-01-01 2020-10-31,web,0,2020,0.938890268123138,52,93.8890268123138,Berjualan,Mencari pekerjaan/menyiapkan usaha,1,18336,18364,18420,2,-2,-10,1,1,0,0
2020-04-05,64,"""modal jualan""+""cara jualan online""",ID,2020-01-01 2020-10-31,web,0,2020,0.938890268123138,64,93.8890268123138,Berjualan,Mencari pekerjaan/menyiapkan usaha,1,18336,18364,18420,3,-1,-9,1,1,0,0
2020-04-12,65,"""modal jualan""+""cara jualan online""",ID,2020-01-01 2020-10-31,web,0,2020,0.938890268123138,65,93.8890268123138,Berjualan,Mencari pekerjaan/menyiapkan usaha,1,18336,18364,18420,4,0,-8,1,1,0,0
2020-04-19,63,"""modal jualan""+""cara jualan online""",ID,2020-01-01 2020-10-31,web,0,2020,0.938890268123138,63,93.8890268123138,Berjualan,Mencari pekerjaan/menyiapkan usaha,1,18336,18364,18420,5,1,-7,1,1,1,0
2020-04-26,63,"""modal jualan""+""cara jualan online""",ID,2020-01-01 2020-10-31,web,0,2020,0.938890268123138,63,93.8890268123138,Berjualan,Mencari pekerjaan/menyiapkan usaha,1,18336,18364,18420,6,2,-6,1,1,1,0
2020-05-03,52,"""modal jualan""+""cara jualan online""",ID,2020-01-01 2020-10-31,web,0,2020,0.938890268123138,52,93.8890268123138,Berjualan,Mencari pekerjaan/menyiapkan usaha,1,18336,18364,18420,7,3,-5,1,1,1,0
2020-05-10,56,"""modal jualan""+""cara jualan online""",ID,2020-01-01 2020-10-31,web,0,2020,0.938890268123138,56.00000000000001,93.8890268123138,Berjualan,Mencari pekerjaan/menyiapkan usaha,1,18336,18364,18420,8,4,-4,1,1,1,0
2020-05-17,49,"""modal jualan""+""cara jualan online""",ID,2020-01-01 2020-10-31,web,0,2020,0.938890268123138,49,93.8890268123138,Berjualan,Mencari pekerjaan/menyiapkan usaha,1,18336,18364,18420,9,5,-3,1,1,1,0
2020-05-24,74,"""modal jualan""+""cara jualan online""",ID,2020-01-01 2020-10-31,web,0,2020,0.938890268123138,74,93.8890268123138,Berjualan,Mencari pekerjaan/menyiapkan usaha,1,18336,18364,18420,10,6,-2,1,1,1,0
2020-05-31,100,"""modal jualan""+""cara jualan online""",ID,2020-01-01 2020-10-31,web,0,2020,0.938890268123138,100,93.8890268123138,Berjualan,Mencari pekerjaan/menyiapkan usaha,1,18336,18364,18420,11,7,-1,1,1,1,0
2020-06-07,81,"""modal jualan""+""cara jualan online""",ID,2020-01-01 2020-10-31,web,0,2020,0.938890268123138,81,93.8890268123138,Berjualan,Mencari pekerjaan/menyiapkan usaha,1,18336,18364,18420,12,8,0,1,1,1,0
2020-06-14,94,"""modal jualan""+""cara jualan online""",ID,2020-01-01 2020-10-31,web,0,2020,0.938890268123138,94,93.8890268123138,Berjualan,Mencari pekerjaan/menyiapkan usaha,1,18336,18364,18420,13,9,1,1,1,1,1
2020-06-21,91,"""modal jualan""+""cara jualan online""",ID,2020-01-01 2020-10-31,web,0,2020,0.938890268123138,91,93.8890268123138,Berjualan,Mencari pekerjaan/menyiapkan usaha,1,18336,18364,18420,14,10,2,1,1,1,1
2020-06-28,77,"""modal jualan""+""cara jualan online""",ID,2020-01-01 2020-10-31,web,0,2020,0.938890268123138,76.99999999999999,93.8890268123138,Berjualan,Mencari pekerjaan/menyiapkan usaha,1,18336,18364,18420,15,11,3,1,1,1,1
2020-07-05,73,"""modal jualan""+""cara jualan online""",ID,2020-01-01 2020-10-31,web,0,2020,0.938890268123138,73.00000000000001,93.8890268123138,Berjualan,Mencari pekerjaan/menyiapkan usaha,1,18336,18364,18420,16,12,4,1,1,1,1
2020-07-12,81,"""modal jualan""+""cara jualan online""",ID,2020-01-01 2020-10-31,web,0,2020,0.938890268123138,81,93.8890268123138,Berjualan,Mencari pekerjaan/menyiapkan usaha,1,18336,18364,18420,17,13,5,1,1,1,1
2020-07-19,59,"""modal jualan""+""cara jualan online""",ID,2020-01-01 2020-10-31,web,0,2020,0.938890268123138,59,93.8890268123138,Berjualan,Mencari pekerjaan/menyiapkan usaha,1,18336,18364,18420,18,14,6,1,1,1,1
2020-07-26,50,"""modal jualan""+""cara jualan online""",ID,2020-01-01 2020-10-31,web,0,2020,0.938890268123138,50,93.8890268123138,Berjualan,Mencari pekerjaan/menyiapkan usaha,1,18336,18364,18420,19,15,7,1,1,1,1
2020-08-02,71,"""modal jualan""+""cara jualan online""",ID,2020-01-01 2020-10-31,web,0,2020,0.938890268123138,71.00000000000001,93.8890268123138,Berjualan,Mencari pekerjaan/menyiapkan usaha,1,18336,18364,18420,20,16,8,1,1,1,1
2020-08-09,69,"""modal jualan""+""cara jualan online""",ID,2020-01-01 2020-10-31,web,0,2020,0.938890268123138,69,93.8890268123138,Berjualan,Mencari pekerjaan/menyiapkan usaha,1,18336,18364,18420,21,17,9,1,1,1,1
2020-08-16,80,"""modal jualan""+""cara jualan online""",ID,2020-01-01 2020-10-31,web,0,2020,0.938890268123138,80,93.8890268123138,Berjualan,Mencari pekerjaan/menyiapkan usaha,1,18336,18364,18420,22,18,10,1,1,1,1
2020-08-23,59,"""modal jualan""+""cara jualan online""",ID,2020-01-01 2020-10-31,web,0,2020,0.938890268123138,59,93.8890268123138,Berjualan,Mencari pekerjaan/menyiapkan usaha,1,18336,18364,18420,23,19,11,1,1,1,1
2020-08-30,56,"""modal jualan""+""cara jualan online""",ID,2020-01-01 2020-10-31,web,0,2020,0.938890268123138,56.00000000000001,93.8890268123138,Berjualan,Mencari pekerjaan/menyiapkan usaha,1,18336,18364,18420,24,20,12,1,1,1,1
2020-09-06,47,"""modal jualan""+""cara jualan online""",ID,2020-01-01 2020-10-31,web,0,2020,0.938890268123138,47,93.8890268123138,Berjualan,Mencari pekerjaan/menyiapkan usaha,1,18336,18364,18420,25,21,13,1,1,1,1
2020-09-13,40,"""modal jualan""+""cara jualan online""",ID,2020-01-01 2020-10-31,web,0,2020,0.938890268123138,40,93.8890268123138,Berjualan,Mencari pekerjaan/menyiapkan usaha,1,18336,18364,18420,26,22,14,1,1,1,1
2020-09-20,44,"""modal jualan""+""cara jualan online""",ID,2020-01-01 2020-10-31,web,0,2020,0.938890268123138,44.00000000000001,93.8890268123138,Berjualan,Mencari pekerjaan/menyiapkan usaha,1,18336,18364,18420,27,23,15,1,1,1,1
2020-09-27,48,"""modal jualan""+""cara jualan online""",ID,2020-01-01 2020-10-31,web,0,2020,0.938890268123138,48,93.8890268123138,Berjualan,Mencari pekerjaan/menyiapkan usaha,1,18336,18364,18420,28,24,16,1,1,1,1
2020-10-04,44,"""modal jualan""+""cara jualan online""",ID,2020-01-01 2020-10-31,web,0,2020,0.938890268123138,44.00000000000001,93.8890268123138,Berjualan,Mencari pekerjaan/menyiapkan usaha,1,18336,18364,18420,29,25,17,1,1,1,1
2020-10-11,48,"""modal jualan""+""cara jualan online""",ID,2020-01-01 2020-10-31,web,0,2020,0.938890268123138,48,93.8890268123138,Berjualan,Mencari pekerjaan/menyiapkan usaha,1,18336,18364,18420,30,26,18,1,1,1,1
2020-10-18,41,"""modal jualan""+""cara jualan online""",ID,2020-01-01 2020-10-31,web,0,2020,0.938890268123138,41,93.8890268123138,Berjualan,Mencari pekerjaan/menyiapkan usaha,1,18336,18364,18420,31,27,19,1,1,1,1
2020-10-25,45,"""modal jualan""+""cara jualan online""",ID,2020-01-01 2020-10-31,web,0,2020,0.938890268123138,44.99999999999999,93.8890268123138,Berjualan,Mencari pekerjaan/menyiapkan usaha,1,18336,18364,18420,32,28,20,1,1,1,1
